,word,count
3645,aaaaggg,1
1565,aabjo,1
4386,aaggg,1
3181,abajajajajjsj,1
651,abajo,31
4222,abandonarlos,1
3879,abarcamos,1
4487,abiertas,1
3159,abierto,1
533,abra,9
3667,abramos,2
4854,abran,1
664,abre,8
4855,abren,1
361,abri,2
3630,abrian,1
2334,abrimos,8
665,abrio,9
4281,abrir,8
4356,abriria,1
4009,abrirla,1
3948,abrirse,1
3883,abrmios,1
1471,aburrido,5
652,aca,49
205,acaba,4
1486,acabamos,3
1052,acaban,1
2955,acabar,1
186,acabe,8
1984,acabo,2
2963,acala,1
1547,accident,1
4452,accidente,1
1719,accion,9
382,acciones,14
452,account,1
992,acentos,1
4444,aceptaron,1
1733,acepten,1
1919,acomodamos,1
4448,acompano,1
4177,acontece,1
2232,acordaba,2
1488,acordado,1
1484,acordar,1
1337,acordarme,1
101,acorde,3
832,acordes,2
4420,acordo,1
1718,acoso,1
3875,acotamos,2
1226,actitud,3
2827,activa,2
1137,activo,2
1271,activos,5
4879,actriz,1
2338,actual,2
3062,actualice,2
4979,actualidad,1
3396,actualizada,1
3070,actualizado,1
2016,actualizando,3
2058,actualizar,3
3036,actualizo,1
141,acuerda,10
3148,acuerdese,1
1159,acuerdo,5
3598,acumulado,5
1237,ada,14
3480,adaptamos,1
2612,adaptar,1
4976,adaptarse,1
3348,adelantando,1
3441,adelante,2
3469,ademas,3
4361,adentro,2
4066,adi,1
4595,adictivo,1
4906,adivina,1
145,adivinando,2
1517,adjunto,2
2486,administrar,1
498,admiralmarkets,1
4634,adoctrinando,1
4649,adoctrinar,1
2917,adopcion,1
2442,adx,1
3728,ael,1
257,afan,2
944,afecta,6
3921,afectando,1
2169,afectar,4
2407,afecto,1
4657,afeminados,1
3202,aferrado,1
2054,afiliados,1
5220,africa,2
5355,africanas,1
4364,afuera,1
922,agenda,2
388,agentes,1
157,agg,4
1409,aggg,11
2274,agggg,1
2304,agggggggg,1
4150,agggggggggg,1
2342,agggggggggggggggggggg,1
2620,aglo,1
5055,agotar,1
3595,agrega,4
2459,agregamos,1
5159,agregar,1
4798,agregarle,1
875,agrego,1
1939,agregue,2
4269,agresivo,1
2892,agrupar,1
3839,agruparlos,1
4360,agua,1
1539,aguacero,1
306,aguanta,35
1653,aguantar,8
3274,aguantarlo,1
967,aguantarse,1
4999,aguante,1
2906,aguantemos,2
936,aguanto,2
5349,aguants,1
4313,ahcer,1
37,ahora,166
4973,ahorra,1
2985,ahorrado,1
2039,ahorrando,1
2361,ahorro,2
1427,ahorros,3
5243,ahuyentan,1
529,ajajsdfjj,1
3657,ajajsjjaj,1
5144,ajejfajfjafdjajajajajjaa,1
2941,ajjdajsfdjajjajjajajajja,1
48,ajsdjajaj,1
1785,ajuajjadjsjasjajjajajajajjajajajjajajajja,1
2956,ajustar,2
4750,ajustemos,1
2427,album,1
1045,alcanza,3
3347,alcanzamos,1
907,alcanzando,1
2243,alcista,4
2851,alcistas,2
224,alcohol,1
49,ale,484
3280,alea,1
3615,aleatoriamente,1
1150,alejado,1
5168,alemania,1
3157,aleta,11
2137,algoritmo,2
1757,algoritmos,2
94,alguien,4
4094,alguinos,1
1955,alguito,4
1899,algun,11
562,alguna,7
1749,ali,1
4776,alimentaicon,1
2197,alimentando,1
2038,alimentar,3
766,aliste,1
4344,alisto,1
2079,all,6
25,alla,41
4477,almacenar,1
1690,almendros,2
4743,almenos,1
1793,almorzar,1
2969,almrnos,1
1030,almuerzo,4
1707,alta,3
1069,alterado,2
674,alto,3
2406,altos,1
5239,alturas,1
3901,alumbro,1
2191,alza,1
1080,am,1
4290,amanece,1
811,amaneciendo,1
2180,amanecimos,1
2100,amanecio,3
1347,amantes,2
4882,amarillo,1
732,amarra,1
714,amarrar,1
718,amarrarla,1
712,amarres,1
4040,amazon,8
5018,amazonaws,2
1459,ambito,1
2580,ambos,1
596,amdin,1
2188,america,1
4001,amigos,1
923,amotriz,1
1316,amp,6
4994,an,1
1579,analisis,16
5131,analiza,1
2045,analizamos,2
653,analizando,2
2179,analizar,5
3940,analizarlas,1
4144,analysis,2
3247,and,21
1791,anda,20
4007,andaba,1
2108,andamos,1
3936,andan,2
1149,ando,21
4415,angrytools,1
5302,angular,3
4248,angulos,1
1342,animada,1
4287,animations,1
5148,anime,1
5323,animo,1
860,anki,1
1506,ano,22
1173,anoche,7
4074,anor,1
853,anos,16
1247,anotando,1
253,anotar,2
3734,anterior,1
4779,anteriores,1
4947,anticipar,1
1158,antier,1
2115,anualidad,1
1373,anuncio,1
3898,anydesk,2
3155,apaga,1
5190,apagada,1
4346,apagado,1
2254,apalancada,4
3213,apalancadas,1
1635,apalancado,16
2029,apalancados,4
584,apalancamiento,13
4209,apalancamientos,1
2032,apalancamos,4
1776,apalancar,15
1650,apalancarlo,1
1633,apalanque,2
4113,aparece,3
1989,aparecerle,1
5395,apareciendo,1
1252,aparezco,1
1116,apenas,15
4960,api,1
3049,aplica,1
918,aplicacion,7
744,aplicaciones,6
4175,aplicamos,1
4152,aplicar,1
3994,apostando,1
2982,apoyan,1
68,app,11
2729,appdata,1
3594,append,32
3252,apple,1
508,apps,3
5149,apreado,1
1016,aprendamos,2
2568,aprende,10
148,aprendemos,6
144,aprender,30
532,aprendi,3
3495,aprendible,1
2294,aprendido,5
2131,aprendiendo,10
2337,aprendimos,3
1811,aprendo,2
899,aprovechando,2
1351,aprovechar,16
4845,aprovechemos,1
1720,aprovecho,1
1268,aproxima,2
3829,aproximar,2
3058,apuesta,1
1151,apuestas,1
282,apuntes,1
5137,apwxedcd,1
5174,apwxedfaa,1
2816,aqui,4
1691,ara,1
814,arabe,2
5211,arabes,1
1516,archivo,10
1975,archivos,5
927,argentina,3
4015,argentinas,1
3976,argentinos,1
5297,armaria,1
756,armenia,1
2070,armonica,1
1557,armor,1
572,aro,1
763,arrancamos,2
2581,arrastraba,1
3852,arrastre,1
3765,arrayinitialize,1
2758,arraysetasseries,3
3905,arreglamos,2
4442,arreglan,1
2550,arreglandolo,1
2846,arreglar,5
3450,arreglarlo,1
1501,arreglaron,1
3027,arregle,2
4590,arreglen,1
3125,arreglo,2
4815,arrendamos,1
4751,arrendar,1
489,arriba,36
2782,arriesgada,1
4518,arriesgado,1
1119,arriesgados,1
428,arriesgar,4
2074,arriesguemonos,1
2640,arrows,1
1031,arroz,2
817,arruinado,1
1322,arta,4
3562,artas,1
3978,arte,1
4957,artesanalmente,1
500,articles,4
2618,articulo,2
2624,articulos,1
2474,artificial,4
4541,artificiales,1
1839,arto,8
5161,artos,1
3575,as,9
523,asado,1
5379,asaroso,1
1311,asco,32
3449,asdfjasdjjjajajjajajaj,1
2098,asdjfjajajjajajja,1
161,asegurada,1
5129,asegurado,1
4847,asequibles,1
617,asesoria,4
314,asesorias,2
95,asi,170
286,asia,2
5405,asistentes,1
2536,ask,93
2490,asombrado,1
4948,asp,2
2055,aspx,1
3177,asquerosamente,1
4870,asquerosidad,1
3033,asqueroso,3
4515,asquerosos,1
4198,asset,2
4736,asume,1
2606,asumir,1
2247,asusta,1
634,asustado,4
4856,asustamos,1
1898,asustando,1
5123,asustaron,1
2335,asuste,3
3297,at,2
4534,atencion,2
1355,atento,1
3888,ath,1
1053,atienden,1
4531,atinamos,1
1851,atinarle,1
3368,atom,3
4311,atr,1
4737,atrancar,1
4354,atrapadas,1
3381,atras,3
5254,atraso,1
5376,atuonomamente,1
215,audio,2
881,audios,2
3902,aujaaujaau,1
233,aulavirtual,2
583,aumentar,3
2984,aumentaron,1
4319,aumenten,1
4316,aumento,1
2843,aun,3
303,aunque,35
3269,aunqueeeeeeee,1
3153,aunqueeeeeeeeeeee,1
3471,auro,1
919,aurora,1
2961,ausd,1
4157,autopsia,1
1018,autotune,1
1523,avalanche,1
2974,avance,3
3370,avances,2
4598,avanzada,1
4680,avanzadas,1
5146,avanzado,1
1945,avanzando,1
3169,avariciosos,1
4191,average,1
3675,averiguar,2
761,avisa,20
2022,avisan,1
4082,avistamiento,2
1430,aw,1
4421,awards,1
2993,awgykzhltia,1
4039,aws,4
5034,awspolicygen,1
5075,axes,1
4186,axhline,1
1126,ay,10
1103,ayer,26
1496,ayuda,8
3016,ayudaaaaaaa,1
1295,ayudame,1
392,ayudar,8
2067,ayudarle,2
3210,ayudarlos,1
1942,ayude,1
1190,ayudeme,2
3715,ayudo,2
514,azar,2
720,azaroso,6
5046,azul,1
807,bacan,1
1974,bacana,3
2839,bacanos,2
5263,backend,3
3114,backtesting,3
3731,bahajahajajajjajajajajajaja,1
2,baia,2
542,baja,40
1569,bajada,8
1659,bajadas,2
1864,bajado,4
4347,bajamos,2
4833,bajan,1
1102,bajando,25
3819,bajandole,1
357,bajar,28
2152,bajara,7
2393,bajaria,1
4945,bajarlas,1
1840,bajaron,1
4561,bajas,1
660,bajdhajajajs,1
1075,baje,27
4586,bajen,2
3208,bajista,3
1278,bajistas,6
3805,bajito,1
473,bajo,28
1071,bajonazo,1
4490,bajos,2
1246,balance,2
4080,balboa,1
1132,ballena,1
1302,ballenas,1
1551,banana,1
895,banar,5
4436,banco,4
1426,bancolombia,3
4811,bancos,1
4875,bancovirus,1
908,banda,3
3138,bandas,2
3445,banderas,1
3279,bang,2
995,bano,1
3412,banqueros,1
3329,bar,1
2104,barata,5
4668,baratas,3
1925,baratico,1
1451,barato,14
1282,baratos,3
4584,barburador,1
2726,bars,2
3566,bart,5
4698,basadas,1
2636,basado,2
3475,basados,2
1873,base,1
4136,basico,1
502,basics,1
1279,bastante,9
2645,basura,6
3047,bayes,2
104,be,72
106,beatbox,1
3249,been,1
3320,begin,1
2667,beincrypto,1
2249,belleza,1
3296,beluck,1
5203,beneficio,2
5233,beneficios,1
806,berrakosky,1
4785,beta,1
4371,beve,1
2543,bid,126
4801,bidget,1
50,bien,255
2408,bienes,1
4391,biennn,1
5360,bienvenida,1
2725,big,5
3295,bilak,1
2923,billetera,3
698,billetes,1
1114,binance,34
1406,bircoin,1
1162,birgck,1
278,bisaje,20
1104,bitcoin,83
1941,bitcoins,2
1446,bitfinex,1
5080,bitguarden,1
5063,bitwarden,1
4611,bizarro,1
1967,blancas,1
1913,blanco,1
1714,blizzard,3
2349,blob,1
1521,blockchain,5
1220,blocktophia,1
4118,blog,1
3842,blogs,1
4019,bloquee,1
3965,bloqueo,1
1703,bnb,44
5306,bobada,1
1280,bobi,1
518,bobo,14
4745,bodega,1
3784,bola,2
2562,bolitas,1
4215,bollinger,1
4101,bolsa,4
4766,bondades,1
4077,bonito,1
443,bono,3
296,bonos,4
2508,bool,41
565,boquita,1
808,boquitrompona,1
4838,borrarlo,1
5023,borre,1
5281,borro,1
4566,boston,1
2493,bot,2
1673,botar,1
1897,botas,1
4524,bots,1
3770,bottom,5
1010,boulevard,1
1552,bread,1
4349,brebe,2
4462,brev,1
248,breve,139
1012,broken,1
559,broker,21
1376,brutal,27
4210,brutl,1
2820,bruto,1
1410,brve,1
2166,btc,17
5126,bucket,1
3384,budista,2
865,buen,11
73,buena,68
643,buenas,15
8,bueno,185
3744,buenooooooo,1
1924,buenos,4
3311,buffers,1
115,bugueado,1
524,bukake,1
1462,bukele,1
3904,bullish,1
5001,bullrun,1
3748,bulltrap,1
611,bum,1
398,bursatil,2
4130,busca,3
4142,buscador,1
2977,buscamos,1
90,buscan,4
2146,buscando,7
2417,buscandole,1
472,buscar,27
5051,buscarla,1
3466,buscarle,2
1880,buscarlo,2
1152,busco,6
2943,busd,3
1848,busque,5
2867,busqueda,5
4716,butt,1
2535,buy,22
3454,bvariables,1
2441,by,3
985,ca,1
5255,caballos,1
4081,cabana,1
693,cabecita,2
3342,cabezon,2
3900,cable,1
5275,cache,4
3910,cachitos,1
1903,cacorros,1
1681,cada,22
549,cadjpy,1
536,cae,18
436,caemos,4
4803,caen,2
1143,caer,8
2382,caera,2
5067,caerle,1
782,cafe,5
1605,cagada,2
1177,cagadera,2
2297,cagados,1
1111,cagalera,2
2480,cagando,2
3691,cagaron,1
2269,cagauri,2
627,cago,4
3990,cague,2
3722,caia,1
1269,caida,6
3997,caidas,3
1716,caido,4
715,caiga,16
3970,caigamos,1
377,caigo,14
3944,caigp,1
3232,caja,4
3809,cajas,4
3261,cajero,1
2290,cajonsitos,1
1093,calamar,2
3769,calcmid,3
3273,calcula,1
953,calculado,1
4702,calculadora,1
1656,calculadoras,1
4701,calculadorasonline,1
970,calculados,1
4169,calculando,1
3474,calcular,2
3761,calculations,1
1833,calculemos,1
2182,calculo,3
2024,calculos,4
4124,calendar,1
2880,calendario,2
3038,calentando,1
4890,calidad,2
3419,calienta,1
17,caliente,1
3339,call,3
3552,callejon,1
1179,callo,4
40,calmo,1
759,cambia,5
734,cambiada,1
878,cambiar,11
1334,cambiarla,1
1892,cambiarlad,1
3123,cambiarle,1
1861,cambiaron,2
4696,cambie,1
4056,cambiemos,1
1335,cambio,11
5279,cambios,1
5185,cambly,1
4045,camello,1
1737,camino,6
1961,camisetas,2
925,campana,2
3109,campanas,1
5020,campearlo,1
2738,can,1
5320,canada,2
826,canal,13
1497,canales,1
4400,cancelar,1
490,cancele,2
4256,canciones,1
809,cangrejo,1
4060,cansa,1
2456,cansado,4
3186,cansancio,4
1286,canse,1
4757,canso,1
2090,cantidad,5
2096,cap,1
2696,capaces,2
5226,capacitan,1
4660,capar,1
252,capaz,7
2641,capital,2
1849,capitalizacion,5
4639,capitulo,1
5021,capitulos,1
386,captar,2
3995,car,1
322,cara,4
4588,carburador,1
1213,cardano,4
4390,carechimba,1
290,careloco,1
1893,cargar,1
5369,cargo,1
813,caribe,1
261,carnudos,2
1236,caro,12
767,carpa,2
3031,carpeta,1
3064,carpetas,1
834,carrasca,1
5236,carreteras,1
5256,carretillas,1
3501,carta,1
16,cartago,6
3492,cartas,2
3000,cartera,1
1408,casa,11
1290,casas,1
3341,case,21
212,casi,26
1230,caso,5
2472,casos,1
5196,castle,1
3661,casualidad,2
271,catedral,1
3458,catrehp,1
3465,catrehptas,1
3855,cayendo,2
1358,cayo,7
4126,cdt,4
3840,cebollas,1
4434,cedula,1
434,celebrar,2
887,celu,1
3693,celuco,1
3694,celular,2
5398,censura,1
4752,centaviamos,1
5064,centralizado,1
1495,centro,4
93,cerca,12
2844,cercanas,1
4451,cercanos,1
4885,cerda,1
5403,cerebro,1
1534,cero,6
1402,cerrado,6
2228,cerramos,8
4219,cerrando,1
528,cerrar,29
2203,cerraria,1
2809,cerrarlas,2
603,cerraron,2
2272,cerremos,1
1692,cerritos,1
3452,cerro,5
5100,certificado,1
1812,certificados,1
4904,cfds,1
3433,chain,1
2739,change,2
5165,chart,2
332,chat,11
748,chatear,2
4093,chatgpt,1
181,chatroulette,1
5342,chats,2
5047,chaturbate,1
819,chiguiros,1
58,chimba,365
1746,chimbaa,1
3053,chimbaaa,1
438,chimbaaaa,1
3022,chimbaaaaa,2
2924,chimbaaaaaa,2
1823,chimbaaaaaaaaa,1
3816,chimbaaaaaaaaaaaaaaaaaaaaa,1
3735,chimbada,1
3378,chimbadas,1
1321,chimbar,1
792,chimbas,10
1300,china,5
798,chinito,1
799,chino,1
4443,chinos,3
5408,chip,1
1292,chiste,2
2495,chphlshoepo,1
1543,chuleta,1
2008,chupan,1
1403,chupen,3
4688,cibermendigos,1
4690,ciberpunk,1
4260,ciclo,1
3045,ciclos,3
184,ciclovia,2
4446,cientificos,2
2273,cierra,10
2331,cierran,1
2333,cierre,7
545,cierro,2
2853,cierta,3
311,cierto,13
74,circo,1
272,circunvalar,1
312,cirle,1
3059,cita,1
1254,citica,1
1461,city,2
3006,ciudad,1
5218,civilizacion,1
1433,cjwkcaia,1
4771,claaro,1
1553,clap,1
3844,claridad,1
283,claro,61
4909,claroo,1
1293,claroooo,1
3513,clase,3
1948,clases,5
66,clasico,1
2457,clave,4
2314,claves,2
5260,click,1
1768,client,3
3287,clock,2
2433,close,21
2525,closing,1
4510,cloud,1
3304,clrdarkgray,1
3572,cmath,1
3386,cmder,3
236,co,19
5285,cobol,2
884,cobra,3
1561,cobran,4
1858,cobrar,2
4367,coca,1
3293,code,4
4810,codearla,1
3301,codebase,1
2496,codewars,2
1660,codicia,2
1661,codicioso,1
666,codigo,26
2587,coefficient,1
1595,coge,12
2952,cogemos,2
1083,coger,18
3182,cogerlas,1
4625,cogerle,1
3278,cogido,1
1932,cogiendo,4
1362,cogimos,2
1204,cogio,4
4511,coherentes,1
3689,coinbase,1
4812,coincida,1
3551,coincide,3
1566,coincidencia,2
2857,coincidir,1
3700,coingecko,4
1203,coinmarketcap,3
1160,coja,4
1916,colabora,1
4762,colabore,1
4229,colapsar,1
4834,colapse,1
5208,colcap,1
917,colectiva,1
4940,colisiones,1
1136,colocados,1
1478,colombia,7
4638,colombo,1
2461,color,6
1965,colores,1
4034,columnas,1
3586,columns,1
54,com,263
3826,coma,1
3388,comandos,1
2622,combinadas,1
4846,come,1
2305,comedor,1
4237,comemos,1
4368,comen,1
2113,comenta,1
5044,comentaba,1
4754,comentar,1
4880,comentarios,1
1608,comento,4
1467,comenzando,1
3641,comer,2
4824,comercial,2
2929,comerciar,1
2488,cometer,1
2428,cometiendo,1
4228,comi,2
4085,comida,3
2047,comiendo,2
2949,comision,1
4102,comisiones,3
3665,commands,2
2528,comment,11
416,commodities,1
3357,comodo,1
2084,compania,1
2578,comparaba,1
3709,comparamos,1
2167,comparando,1
2148,comparar,3
3217,compartamos,1
3032,compartida,1
3023,comparto,1
3389,compatibles,1
3277,compensar,1
1511,competencia,1
5245,competitivas,1
5232,competitivos,1
3243,compilar,1
308,completo,2
3627,completos,1
4966,complica,1
3078,complicada,2
4054,complicadas,1
1654,complicado,7
2469,compliquemos,1
4683,componentes,2
4288,comporta,1
354,compra,40
2265,comprabamos,1
1586,comprado,7
488,compramos,33
4720,compran,1
1303,comprando,8
310,comprar,100
5202,compraria,1
4722,comprarlo,1
1738,compraron,1
1783,compras,5
544,compre,9
1297,comprela,1
1455,compremos,21
2997,compritas,1
358,compro,9
5215,comprobado,1
3463,comprometido,1
3596,comprueba,4
3260,compudemano,1
3697,compulsivo,1
4033,computador,1
5184,computrabajo,2
4176,comrpas,1
3233,comun,2
4565,comuna,1
1500,comunique,1
3957,concat,3
1761,concentrado,1
5340,conclusion,1
3830,concuerdan,1
3815,condenados,1
3832,condicion,3
2470,condiciones,3
605,conectado,1
2922,conectando,1
3899,conecte,1
3897,conectemos,1
329,conecto,2
4965,conexion,2
2648,confianza,2
1538,confiar,2
1624,confie,1
5077,configuracion,1
4378,configuraciones,1
4204,configurado,1
3216,configuramos,1
4221,configurar,1
3818,configurarla,1
10,configure,1
3150,configurela,1
1581,confio,4
1789,confirma,1
758,confirmado,1
5002,confirmed,1
455,confundido,1
4739,congreso,1
5341,conjunto,1
4075,conoce,1
708,conocer,4
4881,conoci,1
2591,conocia,3
739,conocida,1
4562,conocido,1
4805,conociendo,1
2375,conocimientos,1
797,conozca,1
276,conozco,5
5384,conquistando,1
2576,consciente,1
4972,conseguimos,1
222,conseguir,3
1025,consejos,1
4324,conservar,1
4043,considerado,1
2681,consigo,1
4044,consigue,2
3401,consola,2
4920,console,1
2865,conspiracion,1
3315,const,22
3538,constantes,1
4820,construido,1
5385,construyen,1
2905,consuelo,1
1620,consulta,3
5227,consumidores,1
4587,consumo,1
4582,contaminantes,1
4314,contamos,1
1108,contando,1
5343,contar,2
1526,conte,1
3527,contento,3
3739,conteo,1
4242,contesta,1
2666,contestado,1
3677,contesteme,1
4409,continua,1
3834,continuos,1
131,conto,1
2125,contracts,1
2910,contradictorio,2
2173,contrario,3
3650,contrasena,7
3218,contrasenas,1
3859,contratan,2
4407,contratos,3
5048,controlada,1
1383,controlado,2
1706,controlan,2
2811,controlando,1
4472,controlar,2
5050,controle,1
4506,conveniencia,1
316,conversan,1
3291,convert,1
3827,convertimos,1
70,convertir,6
1818,convertirlo,1
2814,conviene,1
4942,coordenadas,1
1995,coordinar,1
3659,cop,3
778,copeo,2
5392,copilotx,1
4071,copio,2
4818,copusd,1
2520,copybuffer,29
2762,copyrates,2
2743,copyright,6
5309,corats,1
5074,corcharlo,1
4325,cordura,1
3292,core,1
270,coro,1
3751,corp,2
1648,correccion,3
4431,correcion,1
3874,correcta,1
3206,correctas,1
2824,correcto,4
3226,corregir,1
2577,correlacion,6
2586,correlation,1
464,correo,7
3151,correr,7
3498,corresponde,1
4220,corri,1
3846,corriendo,3
1428,corriente,1
1360,corrige,3
1708,corrija,3
4730,corrupcion,1
1911,corta,1
1644,corto,1
2109,cortos,1
102,cosa,67
12,cosas,78
4250,coseno,1
1944,cosita,2
2569,cositas,4
1843,cosito,3
5053,cositos,1
1816,cosmos,3
2286,coso,10
2676,cosos,4
5327,costaba,2
2675,costos,2
1412,costumbre,1
4051,cotizados,1
2190,cotizan,1
4763,cotizar,1
3603,count,9
1806,coursera,1
2505,cpositioninfo,15
4718,cprdabrmjip,1
2444,crack,3
5006,cracks,1
5014,cragxzvsonv,1
1711,crash,1
5093,crea,1
3925,creada,2
1156,creado,1
459,creamos,2
284,creampie,1
467,crean,1
3707,creando,1
384,crear,14
1145,crearme,1
1115,crearon,1
1981,crearse,2
3977,crecidos,1
581,creciendo,1
355,cree,7
2866,creepys,1
2686,creer,4
2177,creeria,1
1810,creese,1
9,creo,97
4000,crespito,1
5000,criptico,1
1133,cripto,12
3428,criptodaisy,1
1758,criptografia,1
3857,criptomercado,1
1089,criptomoneda,3
1465,criptomonedas,7
2256,criptonoticias,2
1396,criptos,17
2410,crisis,3
5336,cristianas,1
5333,cristiano,1
802,cristo,1
2484,criticando,1
1238,cro,1
204,crono,2
3887,cruce,4
4277,cruces,1
3184,crucial,1
3444,crusoe,1
1148,crypto,6
1131,cryptocurrency,6
1728,cryptomonedas,1
1255,cryptonacher,1
1233,cryptos,6
2134,cryptotelegram,1
2784,cryto,1
4416,css,1
2737,csv,13
2504,ctrade,15
3924,ctrader,2
886,cuaderno,3
844,cuadra,1
2828,cuadramos,1
4370,cuadran,1
3799,cuadrar,2
4258,cuadratica,1
4603,cuadreno,1
4274,cuadricula,1
410,cuales,4
2015,cualquier,8
1367,cualquiera,1
955,cuantas,3
2176,cuantificar,1
883,cuanto,12
2360,cuantos,3
1130,cuarenta,1
4742,cuatro,1
3521,cubrir,1
424,cuca,2
667,cucho,5
152,cuenta,47
902,cuentas,12
1524,cuento,4
520,cuerdas,1
4580,cuerpo,1
4669,cuesta,1
1582,cuestion,3
246,cuestionario,3
373,cuestionarios,1
2049,cuida,1
1389,cuidado,3
3010,cuidar,2
4897,cuidarse,1
4781,cuido,1
4910,culean,1
4894,culeando,1
4262,culiada,1
5188,culiarse,1
800,culion,1
2381,culo,7
812,cumbia,2
3130,cumple,1
4073,cumplimos,1
3265,cumplio,2
169,cumplir,4
4408,cumplirlo,1
3600,cumsum,1
1434,cuota,1
4236,curiosidad,1
1212,currencies,2
3776,currentcandle,2
274,curso,2
5353,cursos,1
740,curtiendo,1
401,custodiar,1
3309,custom,3
5108,cz,1
321,da,67
2432,daba,5
4240,dado,1
2426,damos,4
442,dan,23
1144,dando,8
3411,dandole,3
632,dani,1
537,daniel,1
3690,daninos,1
1450,dano,2
2411,dar,8
854,daria,1
4165,darle,4
3968,darme,1
4336,darnos,1
4653,darse,1
3569,data,3
3599,dataframe,1
2990,dataroma,1
3587,date,11
2511,datetime,16
2913,dato,4
1588,datos,52
1009,day,1
5057,dd,1
4161,ddsts,1
1197,debajo,2
3,debe,20
1940,deben,4
2894,deber,1
951,deberia,12
445,deberiamos,7
1988,deberian,3
2912,debio,2
3346,debo,1
4497,decadencia,2
4839,decente,1
1198,decentraland,1
57,decia,9
5299,decidirse,1
4479,decimals,4
841,decimos,1
207,decir,12
268,decirle,2
2901,decisivo,1
1443,declara,1
5382,dedique,1
1979,deemix,2
1982,deezer,4
3951,def,2
300,default,1
3934,definitivamente,1
3733,degenerada,2
89,degeneradas,1
3221,degenerado,1
3313,deinitialization,1
457,deja,13
4016,dejado,1
1222,dejamos,7
4267,dejan,1
1567,dejando,1
1779,dejar,14
716,dejarla,1
4840,dejarlo,1
4782,dejarlos,1
4379,deje,2
876,dejela,1
3156,dejeme,1
4166,dejemoslo,1
4829,dejen,1
1470,dejo,10
3637,dejos,1
4241,delate,1
156,dele,3
4539,delicada,1
2242,delicadas,1
3998,delicadisimo,2
28,delicado,15
3741,delirando,1
4411,delta,1
3923,demalas,1
208,demas,12
2593,demasiado,5
1764,demen,1
5201,demente,1
4978,dementes,1
560,demo,11
534,demora,9
4115,demorada,1
14,demore,1
1545,demoro,3
3522,den,2
3068,dentro,5
4424,deopronto,1
2933,depende,2
1759,dependen,1
3369,depender,2
2214,dependiendo,2
4502,dependientes,1
200,deportes,1
439,depositar,1
396,depositario,1
4105,deposito,2
1414,depronto,27
5097,derecha,1
1623,derecho,5
2573,derivada,1
5019,desafio,2
4884,desagradables,1
2644,desaparecer,2
2241,desarrolla,1
5375,desarrollado,1
5170,desarrollador,5
4614,desarrollan,1
3367,desarrollo,1
4544,desarrollos,1
1178,desatado,1
4365,desayunando,1
2717,desayunar,1
4086,desayuno,3
4520,descabellado,1
2871,descansar,6
2575,descanse,2
3550,descarga,2
3397,descargando,2
1062,descargar,6
1037,descargarla,1
1309,descargo,2
67,descargue,4
3619,descarta,1
3555,descartamos,1
3621,descartando,1
3122,descentralizados,1
4363,desconecta,1
630,desconecte,1
2498,desconfianza,1
4509,desconocido,1
2700,desconocimiento,1
3991,desconto,1
2979,describan,1
3493,descripcion,2
2366,descripciones,1
2736,description,3
3472,descuadra,2
5401,descubran,1
481,descubri,3
4225,descubrieron,1
3175,descubrimos,1
3806,descuenta,1
4592,descuento,1
3969,dese,1
4317,desempleo,1
4238,desenguayabe,1
2847,desesperar,2
2896,desfasado,1
1134,deshizo,1
3963,desktop,1
1407,deslogueo,2
4376,despachar,1
118,despache,1
1490,desparche,1
5151,despega,1
1387,despegar,4
187,despertar,1
901,despierta,1
1381,despierteee,1
3663,despiues,1
4990,desplegamos,1
2287,desplegar,1
5036,desplegarlo,1
2813,desploma,1
3134,desplomada,1
2302,desplomo,1
226,despues,19
4263,desquitamos,1
2229,destino,3
3241,destruido,1
4734,desvaloriza,1
3533,desvalorizado,1
2402,desviacion,8
4533,desviando,1
509,details,2
4303,detallado,2
576,detallarla,1
3430,detalle,1
3069,detecta,1
2564,detectar,2
1463,detras,1
4821,deuda,1
3773,dev,4
4915,developer,6
3753,deviation,1
1401,devolvemos,1
3890,devolver,1
18,devolverme,1
2282,devolvieron,2
1638,devuelva,1
1504,devuelve,3
3956,df,19
2689,di,2
422,dia,31
259,diabolico,2
3571,diagnostica,1
893,diapositivas,1
5062,diaque,1
15,dias,39
2589,dibujan,1
3497,dibujo,1
247,dice,44
726,dicen,12
5125,diceunta,1
2026,dicho,6
791,diciembre,11
818,diciendo,7
846,diciendole,2
574,diera,1
2223,dieron,8
3165,diferencia,1
2353,diferente,6
2579,diferentes,2
2555,diff,44
143,dificil,18
727,diga,5
635,digale,5
1689,digalee,1
796,digame,3
839,digamole,1
642,digamos,30
3403,digan,2
4770,digestion,1
139,digo,10
1340,dije,5
1801,dijeron,3
3920,dijimos,2
558,dijo,16
4986,dilema,1
1209,dinero,1
2352,dio,14
1294,dios,4
4806,diosito,1
1391,diploma,1
926,diputada,1
5290,dique,1
894,dira,6
4154,direccionar,1
393,directamente,6
1216,directo,2
2095,diria,3
5308,dirige,1
4306,disclosures,1
2680,disco,2
3838,discontinuos,1
2800,discurso,1
2311,discursos,2
1777,disenado,1
2235,diseno,2
1963,disenos,1
3646,disfraz,1
3647,disfrazar,1
3736,disfrutar,1
1570,dispara,2
4455,dispare,1
3983,display,1
2863,disponible,2
1503,disponibles,1
3730,dispositivos,1
4671,distancia,1
1630,distraer,1
4703,distribucion,1
4661,distribuidos,1
2289,distribuye,1
2567,divergencia,1
4450,diversificar,1
4121,dividendo,1
4125,dividendos,6
4123,dividends,1
504,divisas,1
2876,divisores,1
111,dizque,92
1601,dizqzue,2
1748,dizxque,1
4048,django,1
5083,dns,2
3211,doble,5
5128,docmuento,1
585,docs,5
805,doctor,1
586,document,1
3437,documentacion,3
5114,documentaciones,1
4147,documento,3
4304,documents,1
1438,doge,6
1442,dogecoin,1
1472,dogue,1
487,dolar,31
441,dolares,34
1261,dolarsito,1
4930,dolas,1
2267,doleria,1
2160,doles,1
644,dollar,2
4558,dolllar,1
5195,dolls,1
3662,dolor,1
3688,dominando,1
757,domingo,4
5024,dominio,4
1509,donal,1
3245,donchan,1
2512,done,1
4298,dora,1
1491,dormi,3
1795,dormido,6
770,dormimos,1
183,dormir,6
45,dos,29
2868,dot,7
2064,dote,1
2510,double,213
2777,doubletostring,2
696,doy,5
1013,dreams,1
327,drive,14
589,drivesdk,2
1431,ds,1
3633,dsddsd,1
5177,dtl,1
1327,dubai,2
3556,duda,3
671,dudando,1
4864,dudar,1
3505,dudas,1
4069,dudoso,1
2379,duele,3
3856,dueno,1
1802,duermo,1
2285,dura,1
5054,durito,1
3743,durmio,1
146,duro,24
3632,dvds,1
5101,dvhgzljslaw,1
5017,east,1
4935,ebp,2
1032,echa,1
3283,echada,1
4275,echamos,1
4132,echan,1
3131,echandole,1
4393,echar,2
225,echarle,3
3442,economia,3
2239,economica,1
3519,economist,1
2386,economista,1
2315,economy,1
4419,ecopetrol,5
954,edad,3
587,edit,3
235,edu,6
309,educarse,1
499,education,1
4468,educativos,1
4939,edwar,1
5037,edwarsanz,1
348,edwin,1
450,ee,7
366,eee,34
242,eeee,10
1952,eeeee,2
882,eeeeee,2
976,eeeeeee,1
3482,eeeeeeeeeeeeeeeeeeeee,1
3847,eeeeso,1
154,eeeso,4
1312,eegg,1
5273,eeso,1
2189,eeuu,3
699,efectivo,2
2447,effective,1
192,egan,2
3195,egg,2
2715,eggg,2
4235,egggg,1
2856,eh,2
3141,ej,2
595,ejecute,1
4116,ejecuto,1
1265,ejemplo,13
3811,ejemplos,2
3639,ejercicio,3
2850,elecciones,2
405,electronico,1
2862,elegantes,1
5169,elempleo,4
3593,elif,4
4022,elige,1
1958,eliminaste,24
601,elimino,7
1001,elizabeth,1
3511,elo,1
1440,elon,7
1155,elonmusk,1
2533,else,50
3604,em,4
2380,ema,1
1598,email,1
3801,embalada,1
1339,embalado,4
3949,embalados,2
3528,embalamos,1
4569,embed,2
3878,emborracho,1
5210,emiratos,1
381,emite,1
4832,emitiendo,1
407,emitir,1
4632,emmarincon,1
431,emocionado,1
433,emocionante,2
273,empece,1
2890,empeiza,1
5109,empezaba,1
4790,empezaban,1
249,empezado,2
3885,empezamos,1
4741,empezando,1
446,empezar,23
1609,empezaron,2
243,empezo,5
2546,empiece,4
4099,empieces,2
1393,empieza,8
5247,empiezan,1
255,empiezo,2
394,empleados,1
4543,emprendimiento,1
380,empresa,8
2208,empresas,15
4064,empuja,1
4065,empujando,1
1068,enanas,1
519,encargue,1
4808,encima,2
2215,encontrado,2
2860,encontramos,3
2845,encontrando,2
2140,encontrar,8
4596,encontraramos,1
294,encontre,13
4622,encontremos,1
1992,encontro,4
2138,encriptacion,1
736,encuentra,2
471,encuentro,9
3330,end,5
1631,enemigo,1
1397,energia,4
1399,enero,6
2881,eneros,1
4463,enferma,1
4797,enfermeria,1
906,enfermo,3
4907,enfocan,1
2127,enfoque,1
5186,english,1
3028,enguayabado,1
1219,enjin,4
869,enlace,1
999,enlaces,1
1124,enloquece,1
4328,enloquecer,1
3408,enloqueciendo,2
2903,enredado,1
4488,enredar,1
4775,ensalada,2
845,ensayamos,1
909,ensayar,5
1881,ensena,2
4679,ensenaba,1
4645,ensenarnos,1
1688,enserio,2
4927,ente,1
4307,enteindo,1
460,entendemos,1
2094,entender,5
2398,entenderlo,1
2804,entendi,5
4682,entendiendo,1
599,entendieron,1
3828,entero,2
1704,entidades,1
3723,entiende,1
1117,entiendo,47
2424,entoces,1
2401,entocnes,2
164,entonces,126
2713,entorno,1
2707,entra,3
3073,entraba,1
1936,entrada,5
3116,entradas,5
2797,entramos,1
1667,entran,1
847,entrar,18
4693,entraron,1
3099,entren,2
5397,entrenado,1
3865,entrenamos,1
2916,entrenando,1
5294,entrevista,1
2637,entro,2
2756,enumtostring,1
4024,enviciarme,1
3893,envio,1
1405,eooeoeoeooe,1
2938,eos,4
2687,epico,1
5056,episode,1
4546,epoca,1
965,epocas,1
2062,eps,1
2060,epssura,1
3684,eq,1
3166,equilibrio,2
1368,equipo,3
4759,equipos,2
2222,equivocado,1
4265,equivocados,1
2677,equivoque,3
2162,error,10
2487,errores,3
1096,escalada,1
1717,escandalo,2
885,escanearme,1
4828,escenarios,1
1350,esclavitud,1
173,esclavos,1
608,escriba,4
4499,escribe,2
1477,escribi,2
4747,escribieron,1
2279,escribio,2
607,escrito,1
60,escuchable,1
3374,escuchado,3
5059,escuchar,1
656,escucharme,1
3004,escuche,2
3926,escudo,1
2117,escuela,1
5388,esencia,1
4042,esfuerzo,1
530,esoo,2
2154,espacio,3
1751,espanol,2
5335,esparcir,1
3877,especifica,1
1357,espectativa,1
3531,especulando,1
2466,especulativo,1
1701,espera,1
1583,esperaba,2
2802,esperaban,1
1866,esperamos,4
1458,esperan,2
896,esperando,8
986,esperanto,1
3643,esperanza,4
2399,esperanzas,2
877,esperar,44
2706,esperarlo,1
618,espere,12
2673,espereme,1
1244,esperemos,19
4869,espermatozoides,1
4439,espia,1
2875,espinita,2
4447,espionaje,1
4982,espv,1
5096,esquina,1
3282,est,1
1172,estable,7
2965,establecoin,1
1298,estables,1
2400,estadistica,6
3440,estadisticas,6
2786,estafa,1
2206,estalla,1
3461,estallado,1
4694,estandar,1
2481,estartegia,1
4753,estefania,1
1022,estilo,1
5313,estimado,1
4708,estiramientos,1
2611,estocastico,1
515,estrategia,56
2348,estrategias,10
1891,estrechas,1
2425,estresado,2
3676,estretegia,1
1622,estudia,1
1580,estudiado,2
1996,estudiando,2
2124,estudiar,3
176,estudiarle,1
3810,estudiarlo,1
3881,estudie,1
4755,estudio,1
3375,esytoy,1
5259,etc,1
4119,etf,11
4120,etfs,2
2025,eth,6
1456,ether,4
1182,ethereum,11
3909,ethw,1
3993,etiquetado,1
2683,etiquetamos,2
3868,etiquetar,3
4188,etiquetas,1
4272,eu,2
486,euro,4
541,eurodolar,2
364,eurodollar,3
4867,euromierda,1
2655,europa,2
3170,eurusd,4
2541,eventsettimer,22
345,evidente,1
4396,evita,1
4476,evitar,1
1723,evolucionado,1
2044,exactamente,5
2559,examples,3
1844,excel,20
947,exceso,1
3224,exchange,4
3121,exchanges,1
1819,exe,1
5102,existe,1
413,existen,1
5280,existia,1
4355,existieron,1
2647,existir,2
138,exito,7
4852,expande,1
5377,expectativa,1
1628,expedicion,1
1392,experiencia,6
3228,experimentacion,1
690,experimentar,1
728,experimento,1
2781,experimentos,2
1788,expertos,1
2083,explica,11
5113,explicaba,1
2207,explicaban,1
5229,explicado,1
1835,explicar,3
569,explico,4
4914,explorar,1
4156,exploratiorio,1
4146,exploratory,1
1857,explosion,1
2545,explosivas,1
1090,explota,2
2142,explote,2
4535,exploto,1
1048,expofuturo,1
2733,export,3
3242,exporta,2
1594,exportando,1
2690,exportar,5
5094,extension,1
539,extensionlabfin,1
3756,extmidcandlebuffer,4
1502,extractos,1
2785,extrana,2
5214,extranjera,1
5242,extranjeras,2
971,extremo,1
945,eyaculacion,1
949,eyacular,2
2918,ezlawj,1
2010,fabian,3
5223,fabricas,2
1424,facebook,7
1997,fachada,1
837,facil,23
3366,facilita,1
4589,factura,1
1260,facturar,1
4508,fake,1
4557,falda,1
5351,falencias,1
3124,fallando,4
3913,fallaron,1
4663,fallen,1
1591,fallo,1
1629,falsas,1
2513,false,63
1618,falso,1
4278,falsos,1
1894,falta,16
1831,faltaba,2
1386,faltan,4
833,faltaria,1
4749,falte,1
573,falto,6
85,fama,2
5300,famoso,1
86,famosos,3
4871,fans,1
815,fantasia,1
931,fap,2
1318,faq,1
98,fara,1
2940,farm,1
2921,farmear,1
1593,favor,4
1987,favoritos,1
4678,fazt,1
561,fb,2
4037,fbclid,1
1176,fe,12
4883,fea,2
5105,feas,1
857,feature,2
2889,febrero,2
1938,fecha,5
1627,fechas,8
1448,fed,5
4816,federalreserve,1
3673,fee,1
4911,feita,1
2284,felicidad,5
638,feliz,6
1165,feo,6
2200,feos,1
4005,festejar,1
367,festivo,3
4576,festivos,1
1187,fghdixtwvhu,1
3231,fiabilidad,1
3229,fibonacci,1
2610,ficticias,1
4613,ficticio,1
4233,fiesta,1
2155,fighting,2
5026,fightingtrainer,2
419,fija,2
4329,fije,1
2808,fijo,1
3960,fil,2
4398,filas,1
516,file,14
2779,fileclose,1
2769,filehandle,4
2770,fileopen,1
301,files,6
2778,filewritestring,1
5354,filipinas,2
4692,filtra,2
3884,filtrando,1
2597,filtrar,3
113,filtro,2
591,fin,8
337,final,61
1755,finales,1
5314,finalizacion,1
4309,finalk,1
3246,financemagnates,1
1854,financialcryptos,2
4780,financieras,1
3284,finao,3
2280,finca,2
4563,fincaraiz,1
571,finde,3
4445,fines,2
1166,fingida,1
1949,fino,22
177,finos,6
297,finra,1
2236,finscreener,1
2764,firstindicatorbuffer,5
2768,firstzigzag,2
403,fisico,1
2121,fl,1
289,flacas,1
4677,flash,2
3939,flata,1
1640,flecha,1
4417,flex,1
4134,flores,1
4837,flstudio,1
5076,fluido,1
3958,folder,6
661,folders,5
2143,fomo,2
2031,fondo,14
915,fondos,3
3303,fontcolor,2
3306,fontname,2
3305,fontsize,3
2450,for,17
501,forex,3
5,forma,16
684,formas,2
3580,formato,3
1993,formatos,1
1057,forms,1
466,formularios,1
2051,formulas,3
2798,foro,1
2174,fortalece,1
2171,fortalecio,1
3160,forum,1
874,foto,10
2679,fotos,1
3300,found,1
1549,fox,1
5141,fpstate,2
4466,fracaso,1
4232,fractales,2
3961,frame,2
5289,frameworks,1
1747,frances,2
1066,fresa,2
4783,frida,1
4374,frio,1
3683,fritos,1
3251,from,5
5182,fromage,1
1855,front,4
5072,frontend,4
3718,ftx,1
1572,fuerte,15
2788,fuertes,1
2168,fuerza,2
1184,full,10
395,funcion,2
2020,funciona,20
5025,funcionado,1
4676,funcionales,1
3154,funcionando,5
3128,funcionar,6
2596,funcione,2
2367,funciones,6
597,funciono,4
2740,function,5
196,futbol,1
198,futbolistas,1
3674,futurefee,1
5164,futures,1
4494,futuristas,1
1218,futuro,11
4404,futuros,2
939,fyptt,1
4794,gagnar,1
193,gana,27
4789,ganaba,1
3418,ganadas,1
1535,ganado,3
3654,ganador,2
3272,ganadora,1
2363,ganadores,13
3608,ganados,2
3941,ganan,3
1422,ganancia,5
1193,ganancias,17
1248,ganando,23
697,ganar,26
3626,ganaria,1
4891,ganarla,1
1243,ganarle,1
179,ganas,12
202,gane,6
1385,gano,2
4148,gap,2
1055,garantias,1
4629,garantiza,1
76,gas,40
1686,gaseosa,1
20,gases,2
4536,gasoductos,1
4723,gasolina,1
4137,gastar,1
4358,gaticos,2
3749,gato,2
4366,gatos,1
1481,gaugan,1
4705,gauss,1
1432,gclid,1
1429,gclsrc,1
4767,gelatina,3
4028,genera,2
1679,generacion,1
649,general,3
2497,generan,1
5234,generando,1
4205,genere,1
5040,generico,1
3048,genio,2
737,gente,49
1041,gentio,1
5316,gentivo,1
1020,gentlemansgazetteenespa,1
4283,gestion,1
1657,gestionar,2
4430,get,1
4480,getdecimals,2
3325,getminute,2
5115,getonbrd,1
4918,getownpropertynames,1
4954,getting,1
4532,gianirxt,1
2476,gigante,2
191,giro,1
4422,giss,1
4993,gists,1
5092,git,1
2346,github,10
1494,gl,1
1058,gle,1
4438,globo,2
2308,gmail,4
2668,gobierno,1
1732,gobiernos,1
2046,godo,1
5317,goinorrea,1
4011,gol,2
4013,goleada,1
4227,goma,1
448,gono,25
982,gonococos,1
670,gononea,8
1127,gonooo,1
1146,gonoooo,1
1441,gonorreaa,1
1800,gonorreaaa,3
2271,gonorreaaaa,3
941,gonorreaaaaa,1
2656,gonorreaaaaaa,2
81,gonorreas,7
3515,gonorreisima,3
5205,gonorrrrea,1
287,gonorrrrrea,1
2966,gonorsobia,4
2884,gonos,2
350,gonzalez,2
1493,goo,1
2135,good,1
506,google,23
4886,gorda,1
4618,gore,1
3938,gorra,1
1828,gov,2
254,graba,1
324,grabar,1
1073,gracias,6
4887,gracienta,1
4861,gracioso,1
3462,grafica,1
3504,graficar,1
2233,grafico,12
2017,graficos,16
2201,gran,1
5269,grandando,1
1532,grande,10
4326,grander,1
1668,grandes,12
2357,grandioso,1
1325,gratis,2
2299,grave,2
2298,graves,1
1008,green,6
3985,gripa,1
3952,group,5
330,grupo,3
910,grupobancolombia,1
5325,grupos,1
1970,gsmnrxqhpii,1
4200,gspc,1
4796,gtp,1
3889,guarda,2
3453,guardar,2
5079,guardarla,1
2659,guerra,6
1980,gui,1
1590,guiamos,1
4372,guindis,1
1336,guio,1
150,gusta,16
82,gustan,4
3120,gustando,1
4769,gustara,1
2942,gustaria,4
214,gusto,8
258,gvrko,1
220,gym,1
5143,gymnasio,1
1804,habemos,1
4,haber,11
4106,habiles,2
127,habilitan,2
1164,habla,8
2619,hablaban,1
3915,hablado,1
1163,hablamos,1
325,hablan,2
657,hablando,6
1814,hablar,2
5407,hable,1
1168,hablo,3
151,hace,46
5038,haceidno,1
318,hacemos,54
640,hacen,10
175,hacer,151
3917,hacerla,2
153,hacerle,8
2598,hacerlo,8
1394,hacernos,1
423,hacerse,2
163,hacia,9
964,hacian,1
119,haciendo,33
132,haciendole,3
2954,hackeada,1
3422,hackeado,1
3432,hackean,1
5084,hacken,1
4247,haer,1
636,haga,11
3448,hagala,1
831,hagale,74
1820,hagalo,1
1832,hagamos,8
2872,hagan,1
3097,haganse,1
1059,hago,16
5082,hahshsh,1
3192,hailly,1
2259,halving,1
4984,hambre,1
4100,hapi,9
4299,happi,1
1364,hara,1
3193,harawi,1
3791,hardware,1
4171,haria,2
4608,harold,2
4133,hartas,2
1024,harto,17
3248,have,1
100,hdhahajajjaja,1
3409,hdjajs,1
1933,hecho,7
421,hechos,1
4079,hermosa,1
1856,herokuapp,2
1587,herramienta,2
4493,herramientas,1
3854,hft,1
4574,hghiimnhb,1
353,hice,17
2341,hiciera,2
1485,hicieron,5
484,hicimos,11
2775,high,11
5171,highlight,2
4674,hight,1
4727,hijo,1
2983,hijos,1
4610,historia,4
1830,historial,2
1842,historiales,1
4619,historias,1
4097,historico,1
1589,historicos,4
4201,history,1
646,hizo,17
3986,hjajajsh,1
4027,hmmm,1
4423,hojas,2
769,hola,2
3975,holanda,1
3079,hold,1
4901,holdeando,1
1183,holdear,8
1734,holder,1
2991,holdings,1
4070,hombres,2
4647,homosexual,1
4641,homosexuales,1
1078,honorarios,1
4687,hook,1
4685,hooks,2
685,hora,29
1922,horario,2
170,horarios,3
1575,horas,8
1821,hordes,1
723,hormigas,1
1473,horrible,5
738,horripilante,1
2118,horror,6
4461,hostinger,1
3782,hour,10
4992,how,1
4987,howto,1
203,hoy,52
4414,hpppp,1
3685,hpppppp,2
3009,hppppppppppppppppppppppppppppp,1
610,hps,4
2219,hpt,20
929,hpta,28
4224,hptaaaa,1
849,hptas,11
1029,hpts,15
4245,hpttt,1
64,hqyayuquahahaja,1
3179,hshajajajajja,1
5140,htidocid,2
5175,htilrad,1
5173,htiq,1
5139,htivrt,2
5133,htl,2
4162,html,4
851,http,10
51,https,350
836,huevos,2
5391,humanos,1
4131,humilde,1
3628,humildes,1
2303,hundimiento,1
3256,hundimos,1
1128,hwshhdha,1
733,hzyahshahajah,1
2621,ia,9
2560,iatr,1
206,iba,18
2958,ibamos,1
2210,iban,1
3143,ibands,1
5132,ibp,2
2231,ich,4
1907,ichh,3
4212,ichhh,1
4252,ichhhhhh,1
888,ici,1
2521,iclose,11
5095,iconito,1
2761,icurrent,2
2557,icustom,4
510,id,3
149,idea,52
2570,ideas,9
3783,identifique,1
2616,idicador,1
5337,idioma,3
2343,ido,2
1774,ie,4
2882,iesta,1
2523,if,177
4995,iframe,1
4089,igshid,10
256,igual,60
4264,iguales,3
1604,igualito,2
1969,igualitos,1
1331,iha,1
3635,ihigh,7
1301,ilegal,1
4571,illuminati,1
3601,iloc,5
3634,ilow,7
3814,iluminacion,1
4507,iluminati,1
677,ilusion,1
4555,im,1
2515,ima,19
2815,imagen,1
3171,imagenes,1
3545,imagina,6
3439,imaginacion,1
3152,imaginando,1
1469,imaginaria,1
4905,imaginario,1
2789,imagine,1
3230,imaginese,3
32,imagino,12
3127,impaciencia,1
2907,impacto,1
3517,implantar,1
3880,implementar,1
3573,import,9
741,importa,5
5237,importando,1
1208,importante,18
1354,importantes,1
2019,importar,3
2821,importnate,1
688,imposible,9
5157,imposibles,1
2878,impreciso,1
1592,impredecibles,1
2835,impresionante,1
4606,impreso,1
3588,imprime,1
4819,imprimen,4
4822,imprimiendo,2
4817,imprimieron,1
3745,improbable,2
5231,impuestos,2
285,in,25
5213,incentivar,1
5271,incio,1
2500,include,31
5009,incluido,1
4485,incluir,1
4777,incluirle,1
4484,incluyendo,1
4844,incoherente,1
3759,incorrect,1
2069,increible,2
2198,indagar,1
5178,indeed,3
2891,independientemente,1
5339,independientes,1
238,index,8
5224,india,2
2460,indicador,13
2710,indicadores,7
2454,indicative,1
2440,indicator,8
2747,indicatorperiod,2
2558,indicators,4
3763,indicatorsetstring,1
3204,indice,4
5162,indices,2
2041,indignado,1
3514,inesperada,1
2295,inesperado,2
3999,inevitable,1
3071,infalible,1
4153,inferencia,1
3664,infierno,1
3682,infinito,2
1665,inflacion,10
2170,inflamacion,1
2252,inflar,1
2097,influye,1
2110,info,3
2187,infobae,1
1194,informacion,13
1370,informan,1
4630,informativo,1
4301,informe,1
5235,infraestructura,1
2787,ingenua,1
2728,ingjh,1
351,ingjhonsanz,1
1678,ingles,20
4109,ingresa,2
867,ingresar,1
2927,ingresos,1
5258,inicial,1
3648,iniciar,5
1576,inicio,3
3310,initialization,1
3191,inkari,1
2194,inminente,2
4675,inmoral,1
4564,inmueble,1
4202,inplace,1
3755,inpmidcandleperiod,5
2746,input,9
4545,inputs,1
3570,inscribimos,1
3510,inscribio,1
3508,inscribirnos,1
1617,inscripcion,1
1447,insinuan,1
114,instagram,16
4459,instalacion,1
3382,instalaciones,1
3705,instalada,1
5399,instalado,1
1879,instalador,1
3349,instalando,4
1978,instalar,11
2663,instalarle,1
2931,instale,3
3354,install,3
4956,installation,1
2936,instrumento,1
3636,insurance,54
2506,int,76
3326,integertostring,4
4495,integren,1
2216,intel,1
3013,intelectual,1
3979,inteligencia,3
4540,inteligencias,1
5221,inteligentes,1
2973,intentado,1
2030,intentamos,3
1896,intentando,3
1320,intentar,11
1289,intentarlo,2
687,intente,3
1231,intenten,1
1960,intento,2
2859,interactivos,1
2932,intercambiando,1
1702,interes,6
4049,interesa,2
4800,interesado,1
2092,interesante,22
4925,interesantes,1
3863,interfaces,1
4964,interfaz,1
4655,intermedios,2
3907,intermitente,1
3906,internet,3
2819,interno,1
3477,interpretar,1
2722,intradia,1
2987,intriga,1
2837,intrigado,1
3496,intuitivo,1
1101,inu,8
4350,invalida,2
5283,invalidacion,1
5264,inventados,1
3066,inventando,1
4526,inventar,3
1991,inventarnos,1
4437,inventaron,1
1033,invento,1
916,inversion,6
914,inversiones,4
2583,invertie,1
399,invertir,8
1206,invertiria,1
4465,invertirle,1
2691,investigacion,2
942,investigando,5
7,investigar,15
1086,investing,21
2136,investment,1
302,investordocument,1
2296,invierno,1
4096,involucra,1
4729,involucrado,1
2947,involucrar,1
4401,invoque,1
1822,io,5
1845,iotex,4
2720,ipp,2
3980,ipykernel,1
2351,ipynb,1
30,ir,36
2339,ira,1
4010,iria,4
1888,irlas,1
3039,irme,1
2415,irnos,2
2516,irsi,1
496,is,3
835,isi,4
120,iso,1
3767,isstopped,1
495,it,2
994,italiano,1
5347,italki,1
3794,item,6
5155,iterar,1
3318,iteration,1
2522,itime,10
1663,iw,1
3491,izquierda,1
3281,jacta,1
526,jadjfasjjaj,1
4998,jajahdhajaja,1
3180,jajajajajajajajajajajajajajajajahahahahshsdbswnwidjbs,1
3740,jajajajajajajajauajaua,1
167,jajajajajajauuauajaja,1
1121,jajajajajjaajajajajsjja,1
2791,jajajajjasdjfajsdjjaja,1
4327,jajajajq,1
218,jajajajs,1
494,jajajasjdfj,1
934,jajajjs,1
2355,jajasdjf,1
4012,jajaua,1
5356,jajjaajjajajsjs,1
3687,jajjajajjq,1
265,jajq,3
4970,jajqj,1
116,jajqjajajajajaja,1
4804,jajqjqja,1
2795,jajsajajaj,1
2250,jajshdjaj,1
975,jajsjajajajaj,1
2226,jakaja,1
4872,jala,1
4172,jalar,1
5163,japan,1
5166,japon,1
1614,jardin,1
4857,jasjqjahah,1
1662,jasmin,1
3118,jaua,2
4937,jauajaja,1
4046,java,2
4308,javas,1
4050,javascript,6
4936,jb,1
606,jeje,36
1420,jejeje,3
2161,jen,1
347,jhon,6
3962,jhons,1
2347,jhonsanz,2
4933,jobs,9
3524,joda,1
3489,jodamos,1
3499,joder,1
1056,jodidos,7
2642,jodiendo,2
3954,join,7
2102,joy,1
2158,jpy,1
77,jqjja,1
2395,jqjsjajajjx,1
107,jququququj,1
3861,js,6
3717,jsadfjasdjfjasdjfajjajajaj,1
780,jshashjs,1
1106,jshdhshahahahahahahhaja,1
2792,jsjajajjaja,1
3271,jsjwhajajaja,1
5265,json,1
1710,juajajajjajajajjajajja,1
1513,juan,5
984,jubilo,1
1796,juega,3
1092,juego,5
1264,juegos,2
4732,juemadre,2
1937,jueputa,5
2318,jueputaaaa,1
2685,jueves,2
1790,jugada,4
1610,jugadas,1
4941,jugadores,1
4836,jugando,1
1826,jugar,4
3065,jugo,1
1064,juguemos,1
4712,julesari,2
4441,julio,2
1862,jummm,3
2478,jummmmmmmm,1
2930,jummmmmmmmmmm,1
4826,junio,2
5071,junior,6
5303,juntos,1
5070,jupyter,1
1375,justo,4
557,kaajajaj,1
4138,kaggle,1
4791,kajajajaj,1
996,kajajajajajjajaja,1
1904,kajajajajjajajajsjdjsj,1
5346,kajajajsjjaja,1
4280,kakakajaja,1
159,karen,9
3434,kernc,1
5222,kk,1
2276,kkhasqwvnay,1
4333,kmirkusctse,1
5198,kryssi,1
987,kurso,1
3851,kusama,1
3929,laboral,3
4795,labouchere,1
1829,lado,14
3088,lados,1
3395,lambda,1
1697,lang,2
4139,language,1
2670,lanzan,1
5291,laravel,1
570,larga,4
4523,largas,1
304,largo,6
4597,largoooo,1
1028,largos,2
2841,lastima,2
4560,latam,1
3546,latecia,1
2807,lateral,4
2565,laterales,1
3200,lateralice,1
3275,lateralidad,1
2566,lateralidades,11
3196,lateralizar,1
5240,latinoamerica,2
219,lavar,1
2494,lc,1
1256,lea,2
3405,learn,1
4141,learning,1
2631,leccion,1
3095,lecciones,1
3558,leche,2
3789,ledger,3
5365,lee,1
898,leer,18
307,leerlo,3
4600,leerme,3
4599,leernos,1
4665,leerse,1
3328,left,1
2195,lei,5
2976,leida,1
3107,leido,1
679,lejos,1
3591,len,3
3822,lenguaje,2
5386,lenguajes,1
3738,lentamente,1
3651,lentas,1
1803,lento,4
1805,lentos,2
1257,leo,2
4548,leopardos,1
5086,letra,2
1910,letras,1
3239,levantar,1
1928,levantarnos,1
4061,levante,2
1954,levanto,2
4454,leve,1
1054,ley,1
1061,leyendo,7
5219,leyes,1
3620,liberado,1
2937,libertad,3
938,libido,1
3268,libra,1
2595,libre,6
2364,libreria,4
2899,librerias,1
704,libro,7
998,libros,2
5374,liderar,1
4758,lidiar,1
4689,likes,1
4519,limit,1
2695,limitacion,1
3055,limitado,1
2181,limite,1
4087,limonada,1
3220,limpiando,2
4583,limpien,1
566,linda,4
2628,lindo,1
4181,line,1
1914,linea,1
4187,linestyle,1
619,link,10
1000,linkedin,6
1596,links,1
4035,linktr,1
3350,linux,3
2638,liquidacion,1
4008,liquidar,1
2413,liquidez,5
2822,list,2
4268,lista,4
5359,listaron,1
1882,listas,4
3955,listdir,5
178,listo,12
4725,listos,1
5251,literal,1
266,livido,1
4707,ll,1
492,llama,12
5250,llamaba,1
771,llamada,2
1990,llamadas,2
4294,llaman,3
2057,llamar,3
4383,llame,1
1049,llamo,4
1046,llega,13
3108,llegado,4
1694,llegamos,2
5152,llegando,1
765,llegar,11
1411,llegara,1
3935,llegaramos,1
3841,llegaron,3
463,llego,27
1181,llegue,29
3222,llenando,1
4863,lleva,1
2652,llevados,2
1685,llevamos,3
5225,llevan,2
1346,llevar,6
4076,llevarla,1
2653,llevas,1
251,llevo,5
5246,lloran,1
1105,lloro,1
5266,lloviendo,1
1542,lluvia,1
3592,loc,76
1225,loca,7
5400,local,1
2076,locale,2
5244,locales,1
689,locha,2
4963,lochudo,1
293,loco,17
972,locos,8
1951,locura,1
3176,locuras,2
4921,log,1
1314,logee,1
2855,logica,8
237,login,5
4980,logo,1
4394,logra,2
4898,lograr,1
4266,logre,3
2093,logro,4
3704,loguea,1
3727,loguear,1
1983,loguearse,1
3708,loguee,1
469,logueo,1
4489,lolitas,1
3225,long,6
5321,loquiar,1
4244,loquiza,1
4609,lorre,2
4474,loss,1
1531,lote,4
1296,loteria,3
454,lotes,6
2776,low,12
2699,lstm,2
1281,luca,3
427,lucas,6
4381,luces,1
4895,luchar,1
4457,ludopatas,1
626,luego,20
4072,lugar,7
3866,lugares,2
5107,lukew,1
2073,lumens,1
2034,luna,10
126,lunes,10
5098,lupita,1
4908,luquitad,1
580,luquitas,1
5189,luz,1
4631,lvkjgo,1
1007,lyricstraining,1
5319,macheteros,1
4140,machine,2
3093,madre,2
1379,madrugada,1
1836,madrugo,1
1084,maggnrxthns,1
2322,magic,1
4950,main,1
4924,mainstream,1
462,mal,55
1353,mala,5
3537,malaprido,1
2603,malas,1
2574,malestar,1
948,malo,9
199,malos,1
478,malparida,2
4389,malparido,1
2199,malparidos,5
2571,maluco,3
840,mama,14
777,mamado,3
564,mamasita,1
4384,mamita,2
1188,mana,9
26,manana,180
633,mancito,1
3911,manda,2
5183,mandado,1
1626,mandando,4
880,mandar,3
4746,mandarla,1
1060,mandarle,1
3895,mandarlo,1
1884,mandarme,1
61,mande,8
5389,mandelo,1
980,mandeme,5
1766,mandemela,1
705,mando,17
3360,maneja,2
5288,manejado,1
2951,manejandolo,1
1418,manejar,2
4961,manejarla,1
1435,manejo,1
3873,manera,1
952,manes,6
1555,mango,1
4654,manipulacion,1
1449,manipulando,1
1799,manipular,1
3214,manjaro,1
2014,mano,3
458,mansito,2
4802,mantener,1
5277,mantengo,1
1921,mantenido,1
3631,manual,1
5212,mao,1
2237,map,5
3312,mapping,1
1492,maps,1
1760,maquina,4
3358,maquinas,1
730,marca,2
400,marcado,1
3140,marco,1
2184,margen,8
3209,marica,2
4575,maricaaa,1
2344,maricada,4
78,maricas,3
4628,marik,1
5089,markdown,1
4184,marker,1
4185,markersize,1
2452,market,1
2149,marketcap,1
3972,marketing,1
4862,marketplace,5
1453,marquez,1
889,martes,5
3942,martingala,2
2887,marzo,3
3185,masacre,2
2989,mascotas,1
4658,masculinas,1
5381,masiarle,1
2350,master,2
4637,mate,1
3644,matematica,1
3082,matematicas,2
4952,material,2
4470,math,2
3771,mathabs,2
3774,mathpow,2
4483,mathround,1
3775,mathsqrt,1
3946,matplotlib,4
3716,mauricio,1
3927,mause,1
3606,max,2
2759,maxbar,2
1185,maximo,2
5150,maximos,3
5200,mcdonalds,1
3788,mco,1
5091,md,3
4859,mdjmnzvkmjy,2
3584,mean,4
4673,mecha,1
3540,medi,1
962,media,16
3582,mediamovil,10
648,medias,10
390,medio,11
4922,mediocres,1
4643,mediocridad,1
2708,mediodia,1
2945,medios,1
3754,mediumseagreen,1
870,meeting,1
2365,mega,1
4931,meirda,2
189,mejor,88
3113,mejora,1
2830,mejorado,3
3821,mejoramos,1
2799,mejorando,4
1021,mejorar,17
4765,mejorconsalud,1
2551,mejore,5
2605,mejores,2
4286,mejoria,1
4514,mejoro,1
1035,mela,12
317,melas,7
1019,melito,2
830,melodia,2
820,melodica,1
4334,meloo,1
4315,meloooooo,1
713,melos,17
4529,memes,1
3363,memoria,2
859,memorizar,1
65,men,3
3833,menor,3
344,menos,65
600,mensaje,34
2874,mensual,1
4062,mental,1
1512,mentalidad,1
339,mente,24
2310,mentira,2
182,mentiras,21
3490,menu,1
563,mera,10
3212,meras,1
397,mercado,24
3787,mercadolibre,1
552,mercados,5
231,mercamos,6
4605,mercar,2
3488,merco,1
3076,merge,2
34,mero,9
172,meros,3
3795,merquemos,1
957,mes,14
3642,mesa,1
1577,meses,5
981,message,1
1169,meta,4
2944,metamas,1
1559,metamask,8
5324,metamonos,1
3506,metamos,3
2217,metamosle,4
4111,metan,1
2731,metaquotes,3
338,metase,2
470,metatrader,15
1349,metaverso,6
1647,mete,1
333,metemos,13
3413,meten,1
4636,meteorito,1
346,meter,18
5270,meterlas,1
426,meterle,35
3223,meterlo,3
1752,meterlos,2
180,meterme,1
2111,meternos,4
1985,meterse,2
4112,meti,1
1643,metia,1
4578,metida,1
1625,metido,4
1250,metidos,1
1574,metiendo,3
4807,metiendole,1
1120,metieron,2
2266,metimos,2
340,metio,4
625,meto,3
5307,metodologia,1
5305,metodologias,1
4293,metodos,3
3971,metrallo,1
1161,mfrf,1
3933,mibextid,6
2391,michele,1
3162,microservicio,1
1713,microsoft,7
3772,mid,4
3762,midcandle,1
3768,midcandlefunc,2
3757,midcandleperiod,11
1959,mide,3
2153,miedito,1
41,miedo,46
3686,miedoooooo,1
1971,miedoso,2
2129,mientras,10
313,miercoles,11
13,mierda,171
171,mierdas,13
35,mierdero,5
3947,mierdoso,1
4902,migajas,1
1680,migrar,1
2225,mil,4
4991,milanaryal,1
4971,milion,1
4395,milisegundos,1
2385,millon,2
1641,millonario,1
3848,millonarios,1
1135,millones,2
3605,min,3
3086,minecraft,1
1772,mineria,1
3089,mineros,1
4672,minima,1
440,minimo,2
5003,ministro,1
2262,mino,1
2052,minsalud,1
1558,mintable,1
1487,mintiendo,1
3327,minutes,2
645,minuto,8
5088,minutos,1
1315,mira,6
3804,mirada,2
2139,mirado,2
1330,miramos,46
31,mirando,40
2718,miranos,1
429,mirar,39
1929,mirarlas,1
1123,mirarlo,2
663,mire,10
2627,miremos,2
1726,miro,12
2988,misa,1
2218,miseria,1
5332,misionero,1
2205,misma,9
1935,mismas,7
360,mismo,46
3710,mismos,4
2257,mitad,8
3215,mkk,6
3236,mkkk,9
3612,mkkkk,7
3561,mkkkkk,1
3015,mkkkkkk,4
3402,mkkkkkkk,1
3067,mkkkkkkkk,1
2221,mkkkkkkkkk,1
3105,mkkkkkkkkkkk,1
3813,mkkkkkkkkkkkkkkkkkkkk,1
474,mkkkkkkkkkkkkkkkkkkkkk,3
3464,mkkkkkkkkkkkkkkkkkkkkkkk,1
3020,mkkkkkkkkkkkkkkkkkkkkkkkk,1
2682,mkkkkkkkkkkkkkkkkkkkkkkkkkkk,1
2220,mkkkkkkkkkkkkkkkkkkkkkkkkkkkkkkkkkkkkkkkkkkkkkkkkkkkkkkkkkkkkkkkkkkkkkkkkkkkkkkkkkkkkkkkkkkkkkkkkkkkkkkk,1
1098,mks,6
4031,mmkkk,1
5207,mmmmn,1
1695,mobile,1
4505,mochar,1
4974,moche,1
1043,moda,5
4877,model,1
5396,modelo,1
5402,modelos,1
5078,modem,1
2711,modificacion,1
3115,modifican,1
3836,modificarla,1
3298,modified,1
930,modo,2
2023,modos,6
892,modulo,1
1541,mojada,1
5383,mojo,2
879,momentico,6
1900,momento,14
2630,momentos,3
2614,momentum,5
2840,monda,3
485,moneda,13
1366,monedas,6
2709,money,1
1584,monitor,1
4850,monopolio,1
1794,monopoly,1
3090,monta,1
2962,montado,1
1740,montados,1
793,montar,3
4835,montarnos,1
1634,moon,14
135,moral,16
4975,moraleja,1
2264,morimos,2
3420,morir,3
4058,moriria,1
4059,moririan,1
1518,moscas,4
482,mostraba,1
3110,mostrar,2
1946,mostrarle,4
3044,mostre,1
672,mostro,3
201,mostros,1
725,motel,2
5406,moteles,1
3557,motilar,1
2011,motiva,2
2833,motivacion,5
900,motivado,5
2009,motivados,7
3149,motive,3
2967,motivo,2
5257,motivos,1
848,moto,5
4706,motoshop,1
2633,movemos,2
4273,mover,3
2489,movil,2
2082,movimiento,6
4282,movimientos,1
4916,mozilla,1
2502,mqh,31
3779,mqldatetime,4
2751,mqlrates,2
3322,mqltick,1
3478,mrkda,1
2063,msvid,1
3916,mt,1
5012,mtiymzrjymrlzg,1
1186,mtv,1
134,mucha,25
275,muchas,20
5187,muerda,1
2721,muere,2
5295,muero,1
1834,muestra,3
22,muestre,6
531,muestro,21
112,mueve,7
5081,muevo,1
4938,mui,2
87,mujeres,2
3729,multi,1
4559,multibankfx,1
4946,multiflecha,1
0,multimedia,901
2089,multiplica,1
4312,multiplicador,2
3824,multiplicamos,1
4868,multiplicando,1
3473,multiplos,1
4246,multiprocesamiento,1
3425,mundial,1
1729,mundo,13
691,muneca,4
5192,munecas,1
5147,munequitas,1
3720,murio,3
4773,musculos,1
328,musica,4
1444,musk,3
2358,muyyy,1
4932,mwlite,2
2724,my,1
2723,mybigbars,1
1014,mzdlkevrcz,1
753,na,9
444,naa,3
292,naaa,1
4620,naaaaaaa,1
3559,naaaaaaaa,1
4516,naaaaaaaaaaaaaaaa,1
2671,nacional,1
604,nadie,7
1505,najajajajajaajja,1
1684,nalgas,4
3982,name,2
3574,nan,3
3790,nano,1
1002,naranjo,1
4731,narcos,1
4616,narrativa,1
5122,nasa,1
1276,nasda,1
1475,nasdaq,24
5380,nativos,1
966,natural,2
5217,naturales,1
4919,navegador,1
4951,navigate,1
1571,nazda,1
4402,ne,1
2926,nea,4
1548,near,1
2042,necesaria,1
2037,necesarias,1
3057,necesario,3
997,necesita,8
1943,necesitaba,1
1436,necesitamos,13
2362,necesitan,2
1283,necesito,11
3618,negativas,1
2185,negativo,2
4469,negocio,1
2002,negocios,1
4159,negra,1
3414,negrito,3
1968,negro,1
3658,nero,1
3485,neso,1
5287,net,1
2202,netflix,9
2309,network,1
5404,neuralink,1
2634,neuronal,9
2693,neuronales,1
1087,news,16
3338,next,1
1562,nft,2
2744,nftrader,1
1200,nfts,1
3294,nick,1
3785,nieve,1
1345,nike,2
2003,ningun,2
4163,ninguna,3
4164,ninguno,1
4652,nisiquiera,1
669,nivel,3
3136,niveles,3
5390,nlnfvsjfkzk,1
2608,nmffsjdzbwq,1
3254,nmx,1
1377,noche,10
371,nochecita,1
3129,noches,1
816,nocturna,1
5293,node,3
1525,nodo,1
4029,noel,2
4704,nomal,1
861,nombre,4
3351,nominex,1
1141,nonas,6
493,noo,11
188,nooo,14
1619,noooo,2
546,nooooo,2
2959,noooooo,1
3008,nooooooooooooooo,1
479,noooooooooooooooooooooooooooo,1
3870,nooperable,1
4537,nord,1
935,normal,14
2163,normales,2
2088,normalito,2
2897,normalizar,1
2537,normalizedouble,54
4662,normalmente,2
3959,not,2
1437,noticia,21
1304,noticias,17
5085,notion,3
4848,novatos,1
1687,novia,1
3424,noviembre,1
3578,np,4
729,nudos,1
362,nueva,4
1343,nuevas,3
2950,nuevo,7
5278,nuevos,1
872,numero,12
2043,numeros,2
3577,numpy,1
950,nunca,19
4917,object,1
3332,objectcreate,1
3317,objectdelete,1
3331,objectfind,1
3336,objectmove,1
3335,objectsetinteger,2
3334,objectsetstring,3
166,objeto,1
4903,obligacion,1
5156,obligatoriamente,1
3051,obligatorio,2
5230,obra,1
3696,obsesivo,1
3451,obtener,1
3446,obtuve,1
4666,obviamente,3
1395,obvio,4
3198,octubre,3
4969,oculto,1
3362,ocupa,1
1792,ocupado,4
3112,ocurren,1
2260,ocurrido,1
1607,ocurrio,7
3817,ocurrir,1
4568,odysee,1
124,oe,165
1682,oee,1
755,oeee,3
2423,oeeee,1
548,oeeeeee,1
2317,oeoeie,1
3483,oeoeoe,1
535,oeoeoeo,1
1712,oeoeoeoe,1
1860,oeoeoeoeo,1
628,oeoeooeoe,1
1011,of,2
3928,oferta,2
1445,ofertas,7
4331,office,1
3308,offset,3
3797,oficial,2
1962,ofrecer,2
5274,ogekqedepg,1
3812,ognorrea,1
3410,oh,2
924,ohtgmhuephi,1
140,ojala,97
75,ojos,2
5138,ojzeaq,1
4556,ok,1
1741,ola,5
1065,olvida,1
5065,olvidadas,1
267,olvidado,4
4604,olvidando,1
4503,olvidar,1
3172,olvidaran,1
2492,olvido,5
3240,ome,3
5331,omegle,1
5043,omes,1
1,omitido,901
5118,on,1
3319,oncalculate,2
3314,ondeinit,1
2157,ondigitalocean,1
2483,one,2
2514,oninit,17
1479,online,2
4710,only,3
4711,onlyfans,1
2750,onstart,1
2519,ontick,15
2544,ontimer,15
582,ooo,1
1329,opcion,6
1815,opciones,7
1560,open,17
3984,openai,1
2534,opening,1
4967,opensource,1
1769,opera,7
3871,operable,1
363,operacion,30
2005,operaciones,63
4004,operadornuclear,1
2986,operamos,1
1671,operando,1
1724,operar,10
1672,operativa,1
4496,operativo,1
3391,operativos,1
3891,opere,1
3554,opina,3
2234,opinion,1
1460,opiniones,1
1578,oportunidad,16
2416,oportunidadea,1
1344,oportunidades,9
678,optica,1
4549,optimizador,1
4525,optimizarlos,1
2448,options,1
4271,oq,1
3484,oque,1
3234,or,2
2387,orden,3
5066,ordenado,1
3219,ordenando,1
3063,ordene,1
3614,ordenes,2
3807,ordersendasync,1
298,org,10
4899,orgulloso,1
3299,original,1
4362,orinan,2
1272,oro,12
3276,oscilacion,1
4345,oscuro,2
96,osea,35
4853,otan,1
3589,out,5
2771,outputdata,10
4041,overfitting,2
4527,ovnis,4
2919,ovtg,1
69,pa,188
3259,paaaaarce,1
3074,paaaarce,1
2077,paaarce,9
2719,paarce,2
1514,pablo,1
3190,pachatusan,1
1240,paciencia,6
5330,pagable,1
2632,pagamos,1
1994,pagan,5
616,pagando,3
1727,pagar,7
2230,pagarlo,1
921,pages,1
4498,pagias,1
624,pagina,13
2053,paginas,3
2946,pago,1
430,pagos,2
4714,pague,1
594,paila,31
1639,pailas,4
5206,pais,5
1328,paises,5
4083,pajaros,2
1699,pal,7
2592,palabra,3
5338,palabras,7
2783,palos,1
3943,pan,1
130,pana,2
2920,pancackeswap,1
2925,pancakeswap,6
3565,pandas,7
2356,panico,1
2817,panorama,1
1417,pantalla,3
5268,pantallas,1
1871,pantallaso,1
3912,pantallazo,1
62,papa,6
2794,papaya,1
4432,papel,1
1852,papelito,1
1259,papi,4
3355,paquete,2
2396,parabolic,3
44,parado,4
1838,parados,2
1464,paraiso,1
2741,parameters,2
4183,params,2
3007,paranoico,1
928,parar,1
2657,pararon,1
5248,parcee,2
1313,parceee,8
1743,parceeee,5
4633,parceeeee,5
3456,parceeeeee,1
461,parceeeeeee,2
2971,parceeeeeeee,2
5087,parceeeeeeeeee,1
3014,parceeeeeeeeeeeeee,1
4648,parceeeeeeeeeeeeeee,1
5130,parceeeeeeeeeeeeeeee,1
3666,parceeeeeeeeeeeeeeeeeeeeee,1
1867,parceeeeeeeeeeeeeeeeeeeeeeeeeeeeeeeeeeeeeeeeee,1
3625,parceeeeeeeeeeeeeeeeeeeeeeeeeeeeeeeeeeeeeeeeeeeeeeeee,1
3460,parceeeeeeeeeeeeeeeeeeeeeeeeeeeeeeeeeeeeeeeeeeeeeeeeeeeeeeeeeeeeeeeeeeeeeeeeeeeeeee,1
3742,parceeeeeeeeeeeeeeeeeeeeeeeeeeeeeeeeeeeeeeeeeeeeeeeeeeeeeeeeeeeeeeeeeeeeeeeeeeeeeeeee,1
4513,parceeeeeeeeeeeeeeeeeeeeeeeeeeeeeeeeeeeeeeeeeeeeeeeeeeeeeeeeeeeeeeeeeeeeeeeeeeeeeeeeeeeeeeeeeeeeeeeeeeeeeeeeeeeeeeeeeeeeeeeeeeeeeeeeeeeeeeeeeeeeeeeeeeeeeeeeeeeeeeeeeeeeeeeeeeeeeeeeeeeeeeeeeeeeeeeeeeee,1
1621,parcera,1
2793,parchado,1
165,parece,43
4456,parecemos,1
3502,parecen,4
1731,parecer,3
2477,pareces,1
3085,parecian,1
4047,parecida,1
5068,parecidas,1
2873,parecido,9
993,parecidos,3
1658,pareciendo,2
675,pareciera,1
3042,parecio,3
2590,pareidolia,2
503,pares,1
4168,paro,1
3398,parque,1
4295,parse,1
750,parte,9
449,partido,2
821,partitura,2
795,partituras,2
668,pasa,17
5158,pasaba,1
2261,pasado,8
4858,pasamos,1
2972,pasan,2
1781,pasando,6
1275,pasar,9
1042,pasara,2
615,pasaria,1
2948,pasarlas,1
3872,pasarle,2
2027,pase,6
2928,pasivos,1
476,paso,52
4151,pasos,4
241,password,1
2085,pastel,1
2678,pasteles,1
1730,patas,1
3953,path,15
719,patio,3
1474,pato,1
5120,patrimore,1
1454,patrocino,1
2588,patrones,3
3864,pausar,1
1489,pavo,1
1310,pc,16
4761,pcs,1
3576,pd,14
295,pdf,5
4793,pe,1
33,peaje,1
3699,pedacito,2
2087,pedazo,7
2086,pedazos,2
5301,pedian,1
230,pegado,3
3903,pegados,2
2150,pegamos,1
3133,pegar,1
3803,pegarle,2
2975,pegarme,1
4261,pegaron,1
2035,pego,4
1540,pegue,1
4369,pelear,1
2390,peliar,1
3081,pelicula,2
4255,peliculas,1
1902,peligroso,2
5045,pelo,1
2313,peloton,2
578,peluda,1
291,peludo,1
1529,pena,5
810,pendejo,1
1267,pendiente,7
1138,pendientes,12
3622,pensaba,1
1110,pensado,4
681,pensando,33
963,pensar,13
692,pensaria,1
3820,pensarla,1
2132,pensarlo,1
4926,pensativo,1
109,pense,13
3091,penso,2
2112,pensum,1
4057,peocupante,1
932,peor,5
2604,peores,1
3468,pepper,2
2307,pepperstone,6
2141,pequena,7
1889,pequenas,4
2147,pequenitas,2
701,pequeno,7
4659,percentiles,1
1288,perdamos,2
3617,perdedor,1
2626,perdedora,1
3867,perdedoras,1
3996,perdemos,2
1306,perder,11
4173,perderlo,1
602,perdi,6
3747,perdiamos,1
772,perdida,5
2374,perdidas,3
1324,perdido,5
3610,perdidos,1
3597,perdiedo,2
1249,perdiendo,5
1612,perdimos,2
3286,perdio,2
365,pere,60
4667,perecio,1
786,pereira,5
168,pereza,16
3205,perfecta,1
2994,perfecto,1
4607,perfil,2
1674,perfilados,1
2757,period,4
3137,periodos,6
4740,perjudica,1
1287,perra,1
4579,perras,3
724,perro,6
1863,perros,3
4612,personaje,2
3005,personajes,1
731,personal,2
911,personas,6
1483,perturbador,1
4792,peru,1
3623,pesado,1
1107,pesar,6
1239,pescamos,1
4735,peso,4
4449,pesos,3
4728,petro,4
4851,petroleo,1
4944,peye,1
1597,photoshop,1
239,php,8
2434,picando,2
978,pico,3
4651,picudo,1
5298,pidan,1
1600,pide,1
4435,piden,5
3876,pidiendo,1
4591,piedad,1
21,piedras,1
1070,piensa,1
751,piensan,1
2120,pienselo,2
960,pienso,6
1778,pierda,3
2404,pierdan,1
1332,pierde,12
3869,pierden,2
4831,pierdo,1
5060,pilarlo,1
4492,pilas,2
5112,pill,1
2126,pilla,6
862,pillado,6
47,pillamos,55
334,pillan,3
1201,pillando,12
447,pillar,52
3345,pillarla,1
593,pillarlo,7
1023,pillarlos,1
4719,pillaron,1
56,pille,98
1215,pillelo,6
2099,pillemos,3
614,pillen,1
105,pillese,4
1015,pillo,26
3083,pilotear,1
3987,pilotearla,2
2001,piloteela,1
2012,pilotos,1
4341,pin,3
1693,pina,1
4814,pinares,1
4339,ping,2
1214,pinta,5
2050,pintado,1
3353,pip,3
3671,pipi,1
4691,piramide,1
2445,piroba,1
1750,pirobo,11
1129,pirobos,9
4997,piscina,1
232,piso,17
3203,pisos,1
4405,pixel,1
979,placa,2
2996,plan,6
1466,planea,1
760,planes,2
3178,plano,2
654,plantilla,1
83,plata,63
315,plataforma,4
3714,plataformas,3
3655,platica,2
2107,platzi,11
505,play,4
4893,playas,1
1036,playlist,2
1645,plazo,4
4182,plot,2
3766,plotindexsetinteger,1
3764,plotindexsetstring,1
4135,plotly,6
1909,plotter,1
4179,plt,8
4717,plug,1
1872,poblar,1
525,pobre,1
1266,pocion,2
1299,pociones,1
3525,podamos,2
370,podemos,36
2893,poder,5
5387,poderes,1
5261,poderoso,1
4002,poderosos,1
2582,podia,2
2359,podido,2
707,podria,15
1927,podriamos,3
4700,podrian,1
4464,podridas,1
108,podrido,7
983,podridos,2
3333,point,39
4481,points,4
5035,policygen,1
5058,politicos,1
1753,polka,25
1522,polkadot,62
3512,pollacoin,1
522,pollo,1
4342,pon,3
2858,ponchamos,1
2712,ponchando,1
2291,ponchar,2
676,pone,15
2705,ponemos,9
2078,ponen,6
420,poner,19
4279,ponerle,6
1388,ponerles,1
1976,ponerlo,4
897,ponerme,2
1890,ponermelas,1
4340,pong,2
1841,ponga,5
3669,pongalo,1
1284,pongamos,1
3973,pongan,1
2145,pongo,5
2468,poni,1
5032,ponia,1
2561,poniendo,3
3253,pool,3
773,poporro,1
4122,populares,1
1091,popularidad,1
1051,poquita,2
352,poquito,39
1865,poquitos,3
1333,porcentaje,2
264,porn,2
4876,pornhub,1
943,porno,7
774,porro,2
4617,portadas,1
3706,portafolio,2
3726,portafolios,1
1063,portal,1
852,portalcovid,1
2665,portatil,2
3725,portfolio,1
3701,portfolios,1
4830,posibilidades,1
680,posible,11
2471,posibles,2
2227,posicion,6
1905,posiciones,14
2529,position,14
2532,positionclose,14
2503,positioninfo,15
2526,positions,2
2524,positionselectbyticket,13
2527,positiontype,23
3698,positiva,1
3526,positivas,1
1228,positivo,1
3843,post,1
5296,postgres,1
4778,postre,1
3930,posts,1
2661,potencia,2
3989,powell,4
3393,powershell,1
1809,practica,3
3158,practicamente,4
828,practicando,1
3270,practicar,8
838,practicarla,1
703,practicarlo,1
5262,practique,1
483,precio,30
2164,precios,7
2340,precipitados,1
2332,precipitamos,1
3467,precision,1
4158,predecir,3
5334,predicar,1
2796,prediccion,4
2635,predicciones,8
2849,preelecciones,1
4020,prefiero,1
5368,pregunta,2
4377,preguntamos,1
425,preguntar,7
456,preguntarle,2
551,preguntas,2
1413,pregunte,3
554,preguntele,1
3426,pregunto,1
4108,premio,2
3119,prender,1
779,prenderlo,1
3914,prendo,1
1999,preocupa,7
2389,preocupado,4
1906,preocupan,1
2831,preocupante,6
2281,preocupe,1
5352,preply,1
4017,prepotentes,1
269,presentacion,1
3825,presicion,1
5004,presidente,1
4577,presidentes,1
4091,presiento,1
3455,presta,1
391,prestamos,1
2999,prestan,1
1705,prestar,3
4018,presumiendo,1
2345,presupuestada,1
2825,presupuestado,1
3777,prevcandle,2
4357,previa,1
4827,previsiones,1
5209,previsto,1
5099,previsualizar,1
2530,price,3
2531,priceopen,3
414,primario,1
3500,primer,4
2376,primera,4
84,primero,9
2159,primeros,2
2877,primo,1
5013,princesa,1
3399,principal,1
5030,principio,1
3145,print,23
3758,printformat,1
637,privado,1
4413,privilegiada,1
2463,probabilidad,3
3041,probabilidades,2
2716,probable,5
3966,probado,2
2499,probador,2
3035,probamos,6
1202,probando,5
682,probar,20
5350,probarse,1
2836,probe,1
4512,probemos,1
1850,problema,10
3050,problemas,1
2378,proceso,5
3427,procesos,1
1285,producir,2
5197,product,1
2818,producto,2
912,productos,1
1005,profe,1
2970,profecia,5
3681,profesional,3
5326,profesiores,1
4627,profesor,1
5348,profesores,1
1004,profile,1
4551,profiles,1
2329,profit,39
2998,profits,1
2748,program,1
1599,programa,26
5393,programacion,1
2004,programadas,1
2703,programado,1
5172,programador,1
4968,programan,1
1953,programar,12
3721,programe,1
1837,programita,1
5116,programming,1
3019,programo,2
1784,progresivas,1
3858,progreso,1
1771,prohibir,1
3199,promedia,1
2625,promediar,1
3609,promedio,3
4843,prometedora,1
3974,promocionar,1
1326,pronto,7
5029,propagacion,2
4874,propagando,1
2735,property,18
1520,propia,1
4664,propicio,1
3012,propiedad,1
1770,propone,1
2701,propongo,2
379,proposito,1
4467,propositos,1
2048,propuestas,1
1742,prospera,1
4320,prostitutas,1
2183,proteccion,1
2268,protegida,1
4772,proteina,1
3264,provecho,1
2934,proveer,2
1139,proxima,4
2258,proximo,4
2854,proximos,3
1205,proyecto,15
1262,proyectos,3
1602,prueba,7
2068,pruebas,32
1480,pruebo,1
822,ps,4
2403,psar,1
3640,psrce,1
4724,psrceee,1
375,pss,5
4453,pstwk,1
3407,psudotrading,2
3702,public,1
1404,publica,1
2211,publicar,1
612,publicaron,1
197,publicidad,1
1251,pude,4
1825,pudiera,3
3520,pudimos,1
2810,pudo,4
5238,pueblos,1
1077,pueda,17
2978,puedan,2
23,puede,150
335,pueden,18
2066,puedo,12
3238,puentes,1
3098,puerta,2
1683,puerto,4
1112,puessss,1
1047,puesto,4
2323,puestos,1
2607,pulirlo,1
4343,pun,1
1972,punk,1
4878,punkera,1
1973,punktrefacto,1
3037,puntaje,1
3541,puntero,1
2953,punto,6
3104,puntocripto,1
1221,puntos,17
2599,puntuaciones,1
2600,puntuar,1
3054,pura,2
4809,puras,1
4025,puro,1
5041,puros,1
2549,puse,15
1923,pusieron,3
3908,pusimos,1
977,puso,7
2255,puta,6
3950,putada,1
435,putas,3
3800,puteadas,1
5191,putiadero,1
2651,putiado,1
2643,putio,2
3435,py,3
4178,pyplot,1
1808,python,27
5027,pythonandfamily,4
1709,qeu,5
4092,qie,1
3423,qjexwjscxyw,1
2674,qle,1
3679,qqq,23
3668,qqqq,1
3670,qqqqq,2
4291,qqqqqq,1
4128,qqqqqqq,1
3672,qqqqqqqqqqqqqqq,2
825,qr,1
550,quebrado,1
3516,quebrando,1
5005,quebrar,3
229,queda,18
2584,quedaba,1
1934,quedamos,1
1745,quedan,3
1853,quedando,3
24,quedar,8
1908,quedara,1
2861,quedaria,1
3919,quedarme,1
1224,quedaron,3
1931,quede,13
2646,queden,1
217,quedo,19
4208,quema,1
1223,quemar,3
1637,queme,1
174,querer,1
1380,queria,7
4644,querian,1
4429,questions,1
3188,queswachaka,1
2957,quiebra,1
323,quiera,5
320,quiere,48
775,quieren,1
641,quiero,20
4528,quieto,1
1533,quita,2
2328,quitamos,1
1675,quitan,1
4621,quitando,1
2196,quitar,1
2354,quitaron,4
873,quite,3
2330,quitemosle,1
2414,qur,1
3227,rabia,2
2409,raices,1
5119,rails,1
3922,rally,3
2283,ram,1
4014,ranas,2
2421,rancho,4
2662,randal,1
3590,range,2
2613,rango,6
2602,ranita,1
4117,rankia,1
1017,rapear,1
842,rapidamente,2
1378,rapido,13
694,rara,1
88,raras,4
991,raro,25
1868,raros,2
1099,ratas,4
3321,rates,5
2392,ratico,2
2615,ratio,1
341,rato,10
2981,raubqlushmg,1
959,raya,5
1400,rayan,1
1416,rayar,1
1044,razon,4
2805,reacciona,2
3860,react,27
4786,reactjs,1
4949,reactrouter,1
4180,read,1
5090,readme,1
5362,readthedocs,2
1957,ready,4
497,real,12
3503,reales,5
4104,realiza,2
3316,reason,1
1356,rebota,1
2321,rebote,2
2908,rebotes,1
1363,reboto,5
2301,recarga,1
1669,recargamos,2
2238,recesion,2
1034,receta,1
4107,recibe,2
91,recibir,1
4251,recomendacion,1
4823,recomendado,1
3385,recomendando,1
4254,recomendarle,1
3344,recomendo,3
1195,recomienda,1
4145,recomiendan,1
4055,recomiendo,2
4351,reconoce,1
92,reconocimiento,1
4397,recorrer,1
1439,recotragonorreaaaaaaaaaa,1
4230,recreativo,1
4943,rectangulo,1
4572,recuerda,1
3101,recuerdo,2
491,recupera,4
4270,recuperado,2
1798,recuperando,3
2245,recuperar,10
2373,recuperarnos,1
2033,recupere,1
5124,recupero,1
387,recursos,4
1507,red,23
5127,redactamos,1
4021,reddit,1
2692,redes,5
4433,redimir,1
3077,redit,1
4284,reduce,1
4825,reducen,2
4958,reeee,1
905,reel,8
3896,reenvio,1
3267,refajo,1
4787,reference,2
4934,referenceid,2
4738,reformas,1
1270,refugia,1
4098,regala,2
5329,regalada,1
5204,regalado,1
1885,regalo,1
871,register,1
1827,registraduria,1
1603,registrarme,2
4103,registrate,2
404,registro,3
1895,registros,1
1338,regla,1
4257,regresion,1
4322,regulacion,1
4318,regulaciones,1
4928,regulador,1
1232,regular,1
3585,reindex,1
904,reiniciar,1
4425,reinicie,1
2879,reinventar,1
1920,reinvertir,1
4744,reir,1
3343,rekt,1
2960,relacionadas,2
3964,relaciones,1
3040,relado,1
787,relaja,2
194,relajado,56
2964,relajados,2
555,relajamos,1
4155,relajando,1
1072,relajar,4
3235,relajarme,1
556,relajarnos,3
1122,relajarse,1
3364,relaje,1
5167,relajen,1
3529,relajo,1
2114,relativamente,1
2370,relative,1
3194,relax,3
4888,rellena,1
5272,rellenar,1
3416,remodelando,1
5121,remote,1
3250,removed,1
620,renata,2
2006,rendicion,1
3002,rendimiento,1
2418,rendirnos,2
2900,renko,3
2898,renkos,1
417,renta,2
2491,rentabilidad,4
5039,rentable,1
2325,renuncie,1
1192,repartimos,1
4623,repasando,1
711,repertorio,1
2895,repite,1
2178,replicando,1
4959,replicar,1
4302,reporte,1
5160,repositorio,1
4709,reproducciones,1
1423,repuntar,1
385,reputacion,1
1636,requiere,1
4088,reservar,1
4174,resignado,1
3732,resistido,1
245,resolver,3
4929,respaldan,1
3713,respaldo,1
1998,responda,1
372,responder,4
4239,respondio,2
4626,respuesta,1
2888,resta,4
2886,resto,9
1744,restos,1
3431,resuelto,1
3737,resulta,2
3146,resultado,4
2212,resultados,38
4650,resulto,1
2540,resultorder,22
3147,resultretcode,9
3652,resume,1
3564,resumen,1
946,retardada,1
4206,reteochimba,2
2186,retiran,1
4127,retirar,2
4300,retiros,1
5372,reto,1
3043,retomar,3
4426,retornar,2
2939,retornos,1
4985,retraso,1
1291,retro,11
823,retrochimba,6
2517,return,74
1074,reunion,8
5310,reuniones,1
5153,revienta,1
3992,revisado,1
3543,revisamos,3
3025,revisando,3
2278,revisar,14
3018,revise,3
4581,revision,1
4542,revolucion,1
3373,revolucionario,1
1632,revoto,1
4110,rewards,1
579,rica,5
288,ricas,2
568,rico,8
1191,ricos,1
1210,riego,1
432,riesgo,9
3072,riesgos,2
1341,riesgosa,1
1085,riesgoso,3
1886,right,1
3780,rightnow,24
4849,rinde,1
2669,ripple,1
63,risa,24
3937,ritmo,1
2730,roaming,1
5008,robando,1
2103,robinhood,2
3443,robinson,1
4721,robo,1
3371,robot,1
43,rocas,1
4337,roce,1
2465,roja,2
1912,rojo,8
3583,rolling,1
2547,rompe,1
803,ron,1
4889,rona,1
1739,roncamos,2
2980,rondar,1
3207,ronsito,1
784,rosa,3
4892,rosal,1
1374,rose,9
3417,rosquillas,3
2059,rotaron,1
4194,rotation,1
659,rote,3
3030,roteme,3
655,roto,2
4784,router,1
5371,rpeguntar,1
2372,rsi,2
3850,rsl,2
3849,rtp,2
5117,ruby,1
3258,ruina,1
4522,ruleta,2
1765,rusia,4
1782,rusos,2
5134,sa,2
1040,sabado,5
3507,sabados,2
3509,sabaof,1
147,sabe,62
1365,sabee,1
2246,sabemos,6
2021,saben,2
1142,saber,22
3052,saberlo,3
903,sabia,7
1869,sabiamos,1
4521,sabiendo,2
4900,sabio,1
4768,sabor,1
1649,saca,3
2420,sacamos,8
3094,sacando,3
710,sacar,21
3060,sacarla,2
3263,sacarle,2
336,sacarlo,2
2649,sacaron,1
794,saco,6
4387,safmrtnehlg,1
1546,sail,1
3415,sala,1
5378,salarial,1
4375,saldrian,1
209,sale,25
3845,salen,8
3853,salga,11
3988,salgan,1
788,salgo,3
2275,sali,1
3518,salia,1
3553,salida,2
746,salido,4
1918,saliendo,2
1870,salieron,4
2482,salimos,5
359,salio,22
764,salir,17
3835,saltan,1
5110,saltar,1
1875,salvado,2
1468,salvador,1
4090,salvamos,1
2992,sam,1
3429,samczsun,1
1258,sand,2
1171,sandbox,4
4601,sangren,1
1207,sansar,1
783,santa,3
349,sanz,5
1081,sapa,2
4149,sapo,3
260,sapos,1
1652,saque,2
1079,saquemos,2
1721,saquen,3
2397,sar,1
829,saxo,1
824,scanee,1
2436,script,3
5304,scrum,2
3932,scwspwa,1
3945,seaborn,1
1767,search,3
5179,searchonhp,1
2556,seconds,4
2697,secuencias,1
415,secundario,1
2306,secure,1
3786,security,1
4129,segmentar,1
2585,seguia,1
4530,seguian,1
1372,seguido,1
1947,seguie,1
2081,seguimiento,4
3459,seguimos,3
1147,seguir,62
4774,seguirla,1
1573,seguirle,2
3711,seguirlo,2
412,segun,28
2658,segunda,4
211,segundo,2
3139,segundos,5
4310,segura,3
2704,seguridad,3
343,seguro,10
2848,seguros,1
2288,seleccionar,1
383,seleccione,4
3144,selectbyticket,2
2542,sell,21
956,semana,27
3034,semanal,2
342,semanas,4
2684,semanita,3
1398,semillero,1
1700,senado,1
2144,senal,3
2485,sencillo,1
4084,sendero,1
4330,senos,1
4373,sentada,1
4234,sentados,1
5370,sentia,1
4095,sentimiento,1
4896,sentira,1
3579,sep,1
1425,sepa,2
4052,sepan,1
686,separado,1
4214,separar,1
4216,separe,1
1273,septiembre,12
3061,septiembres,1
97,ser,66
2204,seraaaa,1
2458,serendipia,1
4640,serie,1
3607,series,2
1118,serio,4
2327,serios,1
1859,servicio,1
913,servicios,1
2377,servido,2
1977,servidor,9
5366,servidores,1
2623,servir,15
3808,servira,1
4504,sesgo,1
3649,sesion,4
2539,set,2
2911,setiembre,1
2765,setindexbuffer,3
4427,settimeout,3
3931,sfnsn,1
858,share,2
662,sharing,7
2165,shib,1
1100,shiba,15
1153,shibahispano,1
1154,shibainuswap,1
4170,shit,2
2248,shitflix,1
2702,short,13
856,shorts,3
4195,show,2
3302,showcomment,2
4912,sibe,1
2451,sideways,1
2629,sido,4
513,siempre,31
3356,sienta,2
768,sienten,1
4635,sientiria,1
1067,siento,11
1670,siga,9
1189,sigamos,4
1421,sigan,2
1677,sigio,1
2000,siglo,1
136,sigo,10
1174,sigue,15
868,siguiente,7
4348,siguio,1
3096,sii,2
776,siiii,2
3523,siiiii,1
3026,siiiiiiiiiiii,1
3394,simbolito,1
4981,simbolo,1
3470,simetrico,1
3624,similar,3
4517,similares,1
4249,similaridad,1
2594,simple,2
3567,simpson,4
3447,simulacion,3
3831,simulaciones,1
3549,simulador,4
3823,simular,1
4285,simularlo,1
4585,sincronicen,1
866,sincronico,1
280,sino,41
3244,sintaxis,2
4231,sintio,1
5106,sipc,1
1113,siquiera,3
2838,sirva,3
4764,sirvan,1
99,sirve,24
3548,sirven,4
1887,sirvieron,1
598,sirvio,3
567,sisa,2
1754,sisad,18
543,sisassssssss,1
3285,sissas,1
3653,sistema,6
3390,sistemas,2
299,sites,3
3361,sitio,1
4063,skatepark,1
1241,slp,2
1554,smart,3
3100,sms,1
4977,sobra,1
2650,sobrevivan,1
4547,sobreviviendo,1
1234,sobrevivir,2
1508,social,1
263,soft,1
2130,software,4
1076,sol,1
3106,sola,2
1235,solana,8
2101,solani,3
1263,solidos,1
553,solo,72
3161,solucion,5
3111,soluciona,1
3174,solucionamos,1
3173,solucionar,2
2429,solucionarlo,1
2412,soluciones,1
2369,solutions,1
2277,soporte,1
2405,soportes,1
2422,sorprendente,3
1585,sorpresa,1
933,sorry,3
277,sosas,1
4218,soslayar,1
2479,sospechoso,2
5364,source,2
1773,sourceid,3
864,soyo,1
465,spam,2
4715,spankbang,1
1807,specializations,1
2755,speriod,1
5312,spints,1
2133,sponsors,1
1883,spotify,7
223,spray,1
700,spread,74
1813,spreadsheets,2
3534,sql,3
2753,ssymbol,3
5363,stable,2
3793,stack,2
4428,stackoverflow,1
5249,stadia,1
3656,stakibn,2
2419,staking,12
3752,standard,1
2749,start,8
4955,started,1
4471,stat,1
2554,state,9
4143,statistical,1
974,status,16
3750,stddev,1
920,stefaninicolombia,1
2072,stellar,2
2601,sticker,1
72,stickers,1
1606,stop,77
1642,stops,5
507,store,3
2449,strategies,1
4538,stream,1
4253,streaming,1
2193,street,3
2371,strength,1
2752,string,12
2772,stringformat,2
3560,stringtotime,3
706,suave,27
2119,suavemente,3
1664,suaves,1
4695,suaviza,2
4699,suavizado,1
4697,suavizar,1
1242,suba,44
3532,suban,4
5031,subdominio,1
5042,subdominios,2
547,sube,51
722,suben,10
2018,subi,2
650,subida,23
1352,subidas,3
2105,subidita,1
1382,subido,2
2244,subidos,2
540,subiendo,37
2803,subiera,1
2914,subieran,1
2172,subieron,3
2253,subimos,1
1082,subio,28
326,subir,49
5241,subirle,1
5367,subirlo,1
1556,submit,1
1039,subo,5
4602,subrayar,1
1253,subsidiado,1
3376,subsistema,3
4642,subtitulos,1
221,sucio,1
1498,sucursal,1
228,sudor,1
5199,sueldo,1
3163,suele,1
1361,suelo,1
5394,suelta,1
3003,sueltan,1
59,suena,6
3117,sueno,3
1756,suerte,3
3967,suficiente,1
592,sufriendo,1
3383,sufrimiento,1
2790,sufrir,4
5318,suicida,1
3103,suicidio,1
3289,sukopratomo,3
3602,sum,1
5007,suma,1
1307,super,6
389,superavitarios,1
3892,supere,1
1615,superior,1
1915,superpuesto,1
1646,supiera,1
647,supo,2
3616,suponiendo,1
1317,support,3
125,supuestamente,28
1519,supusetamente,1
2056,sura,2
4332,suscribo,1
4866,suspendido,1
4114,susto,1
2336,swap,13
4670,swaps,2
3340,switch,1
5136,sxsrf,2
2754,symbol,3
2538,symbolinfodouble,63
3324,symbolinfotick,1
2316,syp,1
1817,tabla,2
4996,tag,1
3307,tahoma,1
5322,tailandesad,1
262,tailandesas,4
437,tailandia,5
801,taita,1
631,tal,18
4615,talentosa,1
1966,tallas,1
4289,tamano,3
5181,tambuien,1
745,tampoco,8
36,tan,72
890,tanta,11
3494,tantas,1
3075,tantos,2
4748,tao,1
3481,tapar,1
27,tarde,24
1917,tardecita,2
374,tardecito,2
4624,tardes,1
5311,tareas,2
2300,tarjeta,1
3487,tarot,1
3102,tasas,6
4305,taxes,1
785,taxi,1
4068,techconcatalina,1
1088,technology,2
2209,tecnologia,3
5176,tecnologias,1
3365,tecnologico,1
5253,television,1
4760,televisores,1
843,tema,6
790,temas,5
3257,temo,1
2467,temor,1
4552,templates,1
2324,temporal,2
4167,temporalidades,1
1308,tempranito,2
613,temprano,11
4352,tendencia,11
2175,tendencias,1
2013,tenderle,1
5373,tendio,1
1245,tener,36
3692,tenerla,1
1038,tenerlas,1
1175,tenerle,1
2240,tenerlo,7
3017,tengala,1
5061,tension,1
937,tentacion,1
3046,teorema,2
2852,teoria,7
2864,teorias,1
3542,teoricamente,1
3266,tercer,1
4410,tercera,1
2263,tercio,1
2116,termina,1
5284,terminada,1
2065,terminado,2
2732,terminal,3
2760,terminalinfointeger,1
4813,terminamos,2
3530,terminando,1
227,terminar,8
4865,terminaria,1
4989,terminarla,1
5052,terminarme,1
2122,termine,3
1901,termino,5
2312,terra,2
3372,tesla,1
195,teso,2
3436,tesos,1
5073,test,1
3536,testeando,1
4799,testear,1
4873,tetas,1
4335,tetotas,2
2453,text,8
5357,thailandesas,1
1563,thank,1
1170,the,21
4570,thebigreset,1
1196,theta,1
2548,thetransparenttrader,1
1550,this,2
2639,three,1
3323,tick,8
4199,ticker,1
4478,tickets,1
3547,ticks,5
3886,tics,1
4594,tiempito,1
305,tiempo,40
969,tiempos,1
2672,tierras,1
2774,time,43
3778,timecurrent,10
2773,timetostring,2
3781,timetostruct,4
376,tin,1
2829,tipo,25
411,tipos,17
2563,tips,1
1227,tira,5
717,tirada,1
2123,tiradas,1
2473,tiramos,2
4321,tiran,3
19,tirando,4
4213,tirandose,1
1537,tirar,13
4380,tirarlas,1
4276,tirarlo,2
1655,tirarnos,1
4053,tirarse,2
658,tiras,1
1530,tire,1
4211,tiremonos,1
3479,tiremos,3
2036,tiremosle,1
1536,tiro,2
4189,title,1
408,titulos,1
623,tk,1
5142,tldetail,2
1950,tljedcvuwzi,1
4486,tm,3
4983,tneia,1
940,to,24
1696,tobonsanin,1
6,toca,277
5033,tocaba,1
5292,tocado,1
29,tocar,17
1651,tocaria,12
527,toco,13
577,toda,37
639,todas,31
1167,todavia,33
3352,token,2
4217,toles,1
2688,toma,1
2812,toman,1
281,tomando,5
781,tomar,9
2832,tomarlo,1
4338,tomarnos,1
4226,tome,3
5015,tomo,2
1847,top,4
3001,tope,1
3168,tostado,3
4032,tostando,1
4243,tosto,1
2091,total,4
3629,totales,1
4501,totalmente,1
3288,totom,3
3056,traba,2
4860,trabado,1
2151,trabaja,5
3918,trabajable,1
3011,trabajado,1
160,trabajando,3
3092,trabajandole,1
155,trabajar,3
609,trabajen,1
1369,trabajo,15
2007,trabajos,5
2842,track,1
2501,trade,148
3197,tradeando,2
2995,tradear,3
3680,trader,1
2869,trades,2
2446,tradewell,1
2694,tradicionales,1
2128,trading,13
2368,tradingview,3
4923,traduccion,2
5345,traducirlas,1
4500,trae,1
1735,traer,1
129,traiding,2
3404,traiga,1
4593,traigo,1
2156,trainer,2
3087,trama,2
3535,traman,2
1616,tramite,1
2915,trampa,1
4006,tranquilidad,1
1763,tranquilizando,1
2801,tranquilizo,1
3802,tranquilo,2
4553,trans,2
406,transaccion,3
702,transacciones,1
5216,transformar,1
4656,transgenero,2
1094,tras,1
2061,traslado,1
3695,trastorno,1
1217,trata,3
2902,tratando,3
1874,tratar,15
3894,trate,1
3882,trato,3
5193,travesti,1
990,travestis,1
4036,trebolfun,1
827,tren,3
2438,trend,1
4038,triana,1
2435,triangulos,1
2213,trimestre,2
2968,trin,4
1611,triple,2
1109,triste,6
5022,tristes,1
5252,tristeza,1
3255,triunfamos,1
1003,trk,1
3544,trolleando,1
2654,tropas,1
4026,truco,1
2509,true,98
1510,trump,1
42,tuerto,1
4841,tueste,1
4385,tumba,1
4440,tumbar,1
4030,tumbe,1
3084,tuneles,1
1986,tunemymusic,1
4491,turcas,1
2552,turno,2
122,tutorial,3
4550,tutoriales,1
5049,twitch,1
1140,twiter,3
973,twitter,29
2439,type,8
453,types,1
1930,uajajaja,1
1482,uajajajjajaja,1
4067,uajau,1
3377,ubuntu,2
117,uch,9
721,uchh,2
3457,uchhhhhhhhh,1
2028,ucrania,3
2319,uffdd,1
2609,uh,1
1390,uhh,1
1956,uhhh,2
2040,uhhhh,1
4953,ui,2
2553,uint,38
2507,ulong,16
1786,ultima,9
3379,ultimamente,1
210,ultimo,4
2935,ultra,1
79,unas,28
1876,unica,3
1722,unicas,1
521,unico,8
2883,unicos,1
3837,unidad,1
2834,unidades,1
1666,unidos,7
988,unikodo,1
3392,unix,1
1006,uqe,1
4733,uribe,1
622,us,8
3135,usa,1
1419,usamos,1
4684,usan,1
3167,usando,1
2572,usar,5
2383,usd,4
4726,usdc,2
2080,usdt,6
743,use,3
4788,useimperativehandle,1
3981,user,1
2727,users,4
4686,usestate,1
46,ush,3
1780,ushh,1
2224,ushhh,2
958,ushhhh,2
588,usp,9
240,usuario,1
3380,usuarios,1
1775,utf,6
4259,util,3
1026,utiles,2
3400,utiliza,5
2455,utilizaba,1
1415,utilizaban,1
5344,utilizadas,1
2698,utilizan,4
3712,utilizando,1
2780,utilizar,7
3387,utilizara,1
2617,utilizarlo,1
234,utp,6
855,uuuuuhhhh,2
137,va,176
5358,vacaciones,1
5286,vacantes,1
1050,vacio,1
850,vacuna,1
128,vaina,3
1528,vale,10
2384,valer,3
5328,valia,1
3613,validamos,1
4207,validar,2
3021,validemos,2
402,valor,18
409,valores,13
4913,valorizado,1
3337,value,10
2734,values,2
4323,vamonos,1
185,vamos,139
762,vamoss,1
754,van,38
4962,vanguardia,2
418,variable,4
4475,variables,1
2293,variacion,1
1457,variar,1
683,varias,5
1319,varios,4
244,vaya,15
5194,vayan,1
3486,vazquezsoftware,1
1515,vcf,2
1476,vcoy,1
735,ve,48
158,vea,30
5028,vealo,1
749,veamonos,1
1211,vean,1
742,veces,8
3724,vectorblue,1
4418,vectorizacion,1
4388,vectorizada,1
5154,vectorizando,1
4392,vectorizar,1
5135,ved,2
1323,vee,2
123,veee,1
110,veia,3
5111,vejez,1
2464,vela,13
2462,velas,108
538,velasquez,1
1359,velita,1
468,vemos,31
3703,ven,1
4406,vencen,2
4412,vencimiento,1
4403,vencimientos,2
2394,vende,2
3796,vendedor,1
2270,vendemos,3
1199,venden,3
356,vender,21
1926,venderlo,1
1384,vendi,1
3678,vendiera,1
4003,vengar,1
4353,venia,1
3126,venido,1
1568,venir,1
4382,venirme,1
968,venirse,1
3189,venova,1
2388,venta,36
213,ventaja,1
1725,ventajas,1
4359,ventana,1
3476,ventas,2
2071,ventder,1
279,veo,48
39,ver,198
789,vera,16
369,verdad,46
1762,verde,12
3746,verdecito,2
3660,verga,2
4399,vergacion,1
3183,vergasos,1
3638,verificamos,1
2904,verificar,1
989,verla,1
2909,verlas,1
1371,verlo,4
4023,verlos,1
891,verme,3
2745,version,5
5104,versiones,1
1095,vertiginosa,1
1846,ves,3
4842,vetilador,1
142,vez,63
673,vi,27
2826,via,1
4223,viaje,5
3262,vias,2
4473,viceversa,1
1180,viche,1
2885,viciesto,1
1125,vicio,4
1452,victor,1
477,vida,10
5315,videito,1
216,video,51
319,videollamada,2
71,videos,23
162,vieja,21
709,viejas,10
1157,viejo,5
5276,viejos,1
80,viejotas,1
1787,viendo,31
695,viendola,1
1736,viene,8
4713,viera,1
4646,vieramos,1
4296,viernes,1
517,view,9
1878,viewer,1
4567,villa,1
4297,villegas,1
2106,vimos,4
3029,vino,1
804,vinola,1
250,vio,5
752,violador,1
3024,virginia,2
1499,virtual,4
3359,virtuales,1
3798,virus,1
5069,visajes,2
1824,viseando,1
4078,vista,1
5267,vistas,1
1027,visto,14
3539,visual,4
5228,visualeconomik,1
2292,visualizar,2
3237,viviendo,1
961,vivo,5
4292,vivos,1
5180,vjk,2
1544,vladimir,2
3563,vmehcjofslg,1
5282,vogjdnafntw,1
2518,void,33
4203,volador,1
3438,volar,2
1097,volaron,1
863,volea,1
11,voleo,6
1964,volteo,2
3142,volume,51
2475,volumen,4
747,voluptuosas,1
3201,volvemos,1
1274,volver,9
4681,volverlo,1
2251,volviendo,3
2660,volvieron,1
1527,volvio,2
1613,votacion,1
1676,votar,1
1698,voto,1
5103,vou,1
190,voy,236
3421,voz,2
3164,vps,4
5145,vr,1
4458,vsp,1
368,vuelta,23
1797,vueltas,2
575,vueltica,1
1277,vuelto,3
3568,vuelva,2
2326,vuelvan,1
1305,vuelve,17
3187,vuelven,1
38,vuelvo,3
2192,wall,3
3792,wallet,1
5010,wallstwolverine,1
55,watch,69
3862,web,5
3611,weba,2
475,webaaaaaaaaaaaaaaaaa,1
511,webapp,1
480,webas,3
4756,webcam,1
5016,website,1
3719,wey,1
2742,what,2
331,whatsapp,4
5361,whatstk,2
3581,where,1
4482,while,1
2431,wiki,2
2430,wikipedia,2
2443,wilder,1
3760,will,1
2664,window,1
121,windows,11
4460,wine,1
2823,wl,1
1715,wow,5
3406,wsl,1
52,www,141
1877,xchange,1
378,xd,25
4160,xdd,2
3132,xddd,3
2870,xdedd,1
4190,xlabel,1
2075,xlm,2
451,xm,9
1229,xrp,3
4193,xticks,1
4988,xxx,1
2320,xylvvc,1
3290,yahoo,1
629,yayayayya,1
5011,ycqae,1
4554,yea,1
590,yen,2
133,yendo,4
4197,yf,2
4196,yfinance,1
4192,ylabel,1
1564,you,2
103,youtu,72
53,youtube,82
1348,zapatillas,2
4573,zdi,1
3080,zero,1
2763,zeroindicatorbuffer,5
2766,zerozigzag,2
512,zffhntshouq,1
2714,zigzag,3
2767,zigzagcolor,2
2806,zona,2
621,zoom,4
2437,zsdlpebt,1
